Door43-Catalog	mzn_ulb	Bible	"{\"checking\":{\"checking_entity\":[\"MZN-1\",\"MZN-2\",\"MZN-3\"],\"checking_level\":\"3\"},\"comment\":\"\",\"contributor\":[\"MZN-1\",\"MZN-2\",\"MZN-3\",\"Door43 World Missions Community\"],\"creator\":\"Door43 World Missions Community\",\"description\":\"An unrestricted literal Bible\","
Door43-Catalog	ru_rsob	Aligned Bible	"{\"checking\":{\"checking_entity\":[\"Elman\",\"Protea\",\"Samuel Kim\",\"Yuri Tamurkin, Bth,  St.Petersburg Christian University\"],\"checking_level\":\"3\"},\"comment\":\"RSOB\",\"contributor\":[\"Aleksey Voskresenskiy, Mth In New Testament, University Of Cardiff, Wales\",\"Alex"
Door43-Catalog	ru_obs-tn	OBS Translation Notes	"{\"checking\":{\"checking_entity\":[\"ru_gl\"],\"checking_level\":\"3\"},\"comment\":\"\",\"contributor\":[\"Door43 World Missions Community\"],\"creator\":\"ru_gl\",\"description\":\"Open-licensed exegetical notes that provide historical, cultural, and linguistic information for "
Door43-Catalog	ru_tw	Translation Words	"{\"checking\":{\"checking_entity\":[\"Arman Arenbayev\",\"Door43, Russian Open Bible\",\"Ludig\",\"Sergey Sheidt\",\"Door43, Russian Open Bible\"],\"checking_level\":\"3\"},\"comment\":\"\",\"contributor\":[\"Aleksey Voskresenskiy, MTh In New Testament, University Of Cardiff, Wale"
Door43-Catalog	ru_rsb	Aligned Bible	"{\"checking\":{\"checking_entity\":[\"Samuel (Elder Church of Kharkov)\",\"GeCraft\",\"Russian Open Bible Committee\"],\"checking_level\":\"3\"},\"comment\":\"RSB originally published in 1876\",\"contributor\":[\"Dima Saifidinov\",\"Maksim Murzamuratov\",\"Samuel Kim\"],\"creator\":\""
Door43-Catalog	ru_tn	TSV Translation Notes	"{\"checking\":{\"checking_entity\":[\"Door43, Russian Open Bible\"],\"checking_level\":\"3\"},\"comment\":\"\",\"contributor\":[\"Aleksey Voskresenskiy, MTh in New Testament, University of Cardiff, Wales\",\"Anna Savitskaya\",\"Door43 World Missions Community\",\"Ivan Pavlii, Ph"
Door43-Catalog	ru_ta	Translation Academy	"{\"checking\":{\"checking_entity\":[\"Door43, Russian Open Bible\"],\"checking_level\":\"3\"},\"comment\":\"\",\"contributor\":[\"Ivan Pavlii, PhD in World Literature, Baku Slavic University\",\"Maria Karyakina, PhD, University of Pretoria, MTh in New Testament, University o"
Door43-Catalog	ru_tq	Translation Questions	"{\"checking\":{\"checking_entity\":[\"Door43, Russian Open Bible\"],\"checking_level\":\"3\"},\"comment\":\"\",\"contributor\":[\"Ivan Pavlii, PhD in World Literature, Baku Slavic University\",\"Maria Karyakina, PhD, University of Pretoria, MTh in New Testament, University o"
Door43-Catalog	ru_rlob	Aligned Bible	"{\"checking\":{\"checking_entity\":[\"Aleksey Voskresenskiy, MTh in New Testament, University of Cardiff, Wales\",\"Elman\",\"Ivan Pavlii, PhD in World Literature, Baku Slavic University\",\"Maria Karyakina, PhD, University of Pretoria, MTh in New Testament, Universi"
Door43-Catalog	ru_obs-tq	OBS Translation Questions	"{\"checking\":{\"checking_entity\":[\"Russian Open Bible\"],\"checking_level\":\"3\"},\"comment\":\"\",\"contributor\":[\"Door43 World Missions Community\"],\"creator\":\"Russian Open Bible\",\"description\":\"Comprehension and theological questions for unfoldingWord® Open Bible S"
Door43-Catalog	ru_ust	Aligned Bible	"{\"checking\":{\"checking_entity\":[\"Elman\",\"Protea\",\"Samuel Kim\",\"Yuri Tamurkin, Bth,  St.Petersburg Christian University\"],\"checking_level\":\"3\"},\"comment\":\"matches RSOB; use identifier UST for tS\",\"contributor\":[\"Aleksey Voskresenskiy, Mth In New Testament, "
Door43-Catalog	ru_ulb	Bible	"{\"checking\":{\"checking_entity\":[\"Arthur Druzhinin\",\"Bakhtiyor Han\",\"Dima\",\"Galina Musayelyan\",\"Shodiev\"],\"checking_level\":\"3\"},\"comment\":\"\",\"contributor\":[\"Akhat Yarosh\",\"Aleksandr Rahmanova\",\"Aleksandr Tkachenko\",\"Aleksei Kurbanov\",\"Aleksey Ignashin\",\"Ale"
Door43-Catalog	ru_rob	Aligned Bible	"{\"checking\":{\"checking_entity\":[\"Elman\",\"GeCraft\",\"Maria Karyakina, PhD, University of Pretoria, MTh in New Testament, University of South Africa\",\"Pro\",\"Russian Open Bible Committee\",\"Samuel Kim\",\"Yuri Tamurkin, BTh,  St.Petersburg Christian University\"],"
Door43-Catalog	ru_rlb	Aligned Bible	"{\"checking\":{\"checking_entity\":[\"GeCraft\",\"Russian Open Bible Committee\"],\"checking_level\":\"3\"},\"comment\":\"\",\"contributor\":[\"Akhat Yarosh\",\"zakbaku\",\"Serhii Yarosh\",\"Artur Musayelyan\",\"Bakhtiyor Shodiev\",\"serg.ignashin\",\"Vladimir Shamrai\",\"Ashot Muradyan\","
Door43-Catalog	ru_obs	Open Bible Stories	"{\"checking\":{\"checking_entity\":[\"Arman Arenbaev\",\"Bagrat Gevorgyan\",\"Elena Zastechik\",\"Katya Savitskaya\",\"Luda Ignashina\",\"Parviz Kamilov\",\"Rusang\",\"Ruslan Saitbatalov\",\"Samuel Kim\",\"Sergey Sheidt\",\"Russian Open Bible\"],\"checking_level\":\"3\"},\"comment\":\"\",\""
Door43-Catalog	hi_ulb	Bible	"{\"checking\":{\"checking_entity\":[\"Jobby Prasannan\",\"Dr. Bobby Chellapan\",\"BCS\"],\"checking_level\":\"3\"},\"comment\":\"\",\"contributor\":[\"Acsah Jacob\",\"Antoney Raj\",\"Cdr. Thomas Mathew\",\"Christopher\",\"Dr. Bobby Chellapan\",\"Dr. Chander Sekhar\",\"Dr. Ghir\",\"Hinal Pra"
Door43-Catalog	hi_gst	Aligned Bible	"{\"checking\":{\"checking_entity\":[\"Dr. Bobby Chellapan\",\"Dr. George Edward\",\"Dr. Joseph Jekab\",\"BCS\"],\"checking_level\":\"3\"},\"comment\":\"\",\"contributor\":[\"Acsah Jacob\",\"Amos Khokhar\",\"Dr. Bobby Chellapan\",\"Jinu Jacob\",\"M.V Sunny\",\"Robin\",\"Vipin Bhadran\",\"Zipso"
Door43-Catalog	hi_tw	Translation Words	"{\"checking\":{\"checking_entity\":[\"Antoney Raj\",\"Cdr. Thomas Mathew\",\"Dr. Bobby Chellapan\",\"BCS\"],\"checking_level\":\"3\"},\"comment\":\"\",\"contributor\":[\"Acsah Jacob\",\"Antoney Raj\",\"Cdr. Thomas Mathew\",\"Christopher\",\"Dr. Bobby Chellapan\",\"Hind Prakash\",\"Jinu Jaco"
Door43-Catalog	hi_irv	Aligned Bible	"{\"checking\":{\"checking_entity\":[\"Jobby Prasannan\",\"Dr. Bobby Chellapan\",\"BCS\"],\"checking_level\":\"3\"},\"comment\":\"\",\"contributor\":[\"Acsah Jacob\",\"Antoney Raj\",\"Cdr. Thomas Mathew\",\"Christopher\",\"Dr. Bobby Chellapan\",\"Dr. Chander Sekhar\",\"Dr. Ghir\",\"Dr. Josep"
Door43-Catalog	hi_glt	Aligned Bible	"{\"checking\":{\"checking_entity\":[\"Antoney Raj\",\"Cdr Thomas Mathew\",\"Dr George Edward\",\"Dr Joseph Jekab\",\"Dr Bobby Chellapan\",\"Hind Prakash\",\"Jobby Prasannan\",\"Shojo John\",\"Vipin Bhadran\"],\"checking_level\":\"3\"},\"comment\":\"\",\"contributor\":[\"Acsah Jacob\",\"Amos"
Door43-Catalog	hi_udb	Bible	"{\"checking\":{\"checking_entity\":[\"BCS\",\"Cdr. Thomas Mathew\",\"Hind Prakash\"],\"checking_level\":\"3\"},\"comment\":\"\",\"contributor\":[\"Acsah Jacob\",\"Antoney Raj\",\"Cdr. Thomas Mathew\",\"Dr. Bobby Chellapan\",\"Hind Prakash\",\"Rinu John\",\"Shojo John\",\"Sunny\"],\"creator\":\""
Door43-Catalog	hi_obs-tq	OBS Translation Questions	"{\"checking\":{\"checking_entity\":[\"BCS\",\"Apostolic Faith Church (3 different congregations)\",\"Delhi Indian Pentecostal Church (has Global Presence)\",\"Dr. Bobby Chellappan\"],\"checking_level\":\"3\"},\"comment\":\"\",\"contributor\":[\"Door43 World Missions Community\",\""
Door43-Catalog	hi_obs	Open Bible Stories	"{\"checking\":{\"checking_entity\":[\"BCS\",\"Apostolic Faith Church (3 different congregations)\",\"Delhi Indian Pentecostal Church (has Global Presence)\",\"Delhi and beyond\"],\"checking_level\":\"3\"},\"comment\":\"\",\"contributor\":[\"Antoney Raj\",\"Cdr. Thomas Mathew\",\"Dr."
Door43-Catalog	hi_tn	TSV Translation Notes	"{\"checking\":{\"checking_entity\":[\"BCS\",\"Dr. Bobby Chellappan\",\"Jobby Prasannan\"],\"checking_level\":\"3\"},\"comment\":\"\",\"contributor\":[\"Acsah Jacob\",\"Antoney Raj\",\"Cdr. Thomas Mathew\",\"Dr. Bobby Chellappan\",\"Hind Prakash\",\"Jinu Jacob\",\"Dr. Joseph Jekab\",\"MV Sun"
Door43-Catalog	hi_tq	Translation Questions	"{\"checking\":{\"checking_entity\":[\"Jobby Prasannan\",\"Hind Prakash\",\"BCS\"],\"checking_level\":\"3\"},\"comment\":\"\",\"contributor\":[\"Acsah Jacob\",\"Antoney Raj\",\"Cdr Thomas Mathew\",\"Dr Bobby Chellappan\",\"Hind Prakash\",\"Jinu Jacob\",\"Shojo John\",\"Vipin Bhadran\"],\"creat"
Door43-Catalog	hi_ta	Translation Academy	"{\"checking\":{\"checking_entity\":[\"BCS\",\"Dr.Bobby Chellappan\"],\"checking_level\":\"3\"},\"comment\":\"\",\"contributor\":[\"Acash Jacob\",\"Cdr.Thomas Mathew\",\"Dr.Bobby Chellappan\",\"Dr. Joseph Jekab\",\"Hind Prakash\",\"Jinu Jacob\",\"Shojo John\",\"Sunny\",\"Vipin Bhadran\"],\"cre"
Door43-Catalog	hi_iev	Aligned Bible	"{\"checking\":{\"checking_entity\":[\"Cdr. Thomas Mathew\",\"Dr. Bobby Chellapan\",\"BCS\"],\"checking_level\":\"3\"},\"comment\":\"\",\"contributor\":[\"Acsah Jacob\",\"Cdr. Thomas Mathew\",\"Dr. Bobby Chellapan\",\"Dr. Joseph Jekab\",\"Hind Prakash\",\"Jinu Jacob\",\"MV Sunny\",\"Prabodh "
Door43-Catalog	ur-deva_tn	TSV Translation Notes	"{\"checking\":{\"checking_entity\":[\"BCS\",\"Dr. Bobby Chellappan\"],\"checking_level\":\"3\"},\"comment\":\"\",\"contributor\":[\"Acsah Jacob\",\"Antoney Raj\",\"BCS\",\"Cdr. Thomas Mathew\",\"Dr. Bobby Chellappan\",\"Hind Prakash\",\"Jinu Jacob\",\"Joseph Jekab\",\"Shojo John\",\"Vipin Bha"
Door43-Catalog	ur-deva_obs-tq	OBS Translation Questions	"{\"checking\":{\"checking_entity\":[\"Dr. Bobby Chellappan\",\"BCS\"],\"checking_level\":\"3\"},\"comment\":\"\",\"contributor\":[\"Dr. Bobby Chellappan\",\"Vipin Bhadran\",\"Dr. Joseph Jekab\",\"Acsah Jacob\",\"Jinu Jacob\",\"Hind Prakash\"],\"creator\":\"Door43 World Missions Community\""
Door43-Catalog	ur-deva_ulb	Bible	"{\"checking\":{\"checking_entity\":[\"Cdr. Thomas Mathew\",\"BCS\"],\"checking_level\":\"3\"},\"comment\":\"\",\"contributor\":[\"Antoney Raj\",\"Cdr. Thomas Mathew\",\"Dr. Bobby Chellappan\",\"Hind Prakash\",\"Rinu John\",\"Shojo John\",\"BCS\"],\"creator\":\"Door43 World Missions Communit"
Door43-Catalog	ur-deva_irv	Aligned Bible	"{\"checking\":{\"checking_entity\":[\"BCS\",\"Dr. Bobby Chellappan\"],\"checking_level\":\"3\"},\"comment\":\"\",\"contributor\":[\"Acsah Jacob\",\"Dr. Bobby Chellappan\",\"Hind Prakash\",\"Jinu Jacob\",\"Vipin Bhadran\"],\"creator\":\"Door43 World Missions Community\",\"description\":\"\",\""
Door43-Catalog	ur-deva_tq	Translation Questions	"{\"checking\":{\"checking_entity\":[\"BCS\",\"Dr. Bobby Chellappan\"],\"checking_level\":\"3\"},\"comment\":\"\",\"contributor\":[\"Antoney Raj\",\"BCS\",\"Dr. Bobby Chellappan\",\"Hinal Prakash\",\"Rinu John\",\"Shojo John\"],\"creator\":\"Door43 World Missions Community\",\"description\":\""
Door43-Catalog	ur-deva_tw	Translation Words	"{\"checking\":{\"checking_entity\":[\"BCS\",\"Cdr. Thomas Mathew\"],\"checking_level\":\"3\"},\"comment\":\"\",\"contributor\":[\"Antoney Raj\",\"Cdr. Thomas Mathew\",\"Dr. Bobby Chellappan\",\"Hind Prakash\",\"Shojo John\"],\"creator\":\"Door43 World Missions Community\",\"description\":\""
Door43-Catalog	ur-deva_ta	Translation Academy	"{\"checking\":{\"checking_entity\":[\"BCS\"],\"checking_level\":\"3\"},\"comment\":\"\",\"contributor\":[\"Acsah Jacob\",\"Dr. Bobby Chellappan\",\"Hind Prakash\",\"Jinu Jacob\",\"Dr. Joseph Jekab\",\"Vipin Bhadran\"],\"creator\":\"Door43 World Missions Community\",\"description\":\"A modul"
Door43-Catalog	ur-deva_obs-tn	OBS Translation Notes	"{\"checking\":{\"checking_entity\":[\"BCS\",\"Dr. Bobby Chellappan\"],\"checking_level\":\"3\"},\"comment\":\"\",\"contributor\":[\"Acsah Jacob\",\"Dr. Bobby Chellappan\",\"Dr. Joseph Jekab\",\"Hind Prakash\",\"Jinu Jacob\",\"Vipin Bhadran\"],\"creator\":\"Door43 World Missions Community\""
Door43-Catalog	ur-deva_obs	Open Bible Stories	"{\"checking\":{\"checking_entity\":[\"BCS\"],\"checking_level\":\"3\"},\"comment\":\"\",\"contributor\":[\"Antoney Raj\",\"Cdr. Thomas Mathew\",\"Dr. Bobby Chellappan\",\"Hind Prakash\",\"Shojo John\",\"Vipin Bhadran\"],\"creator\":\"Door43 World Missions Community\",\"description\":\"50 ke"
Door43-Catalog	nag_tq	Translation Questions	"{\"checking\":{\"checking_entity\":[\"BCS\"],\"checking_level\":\"3\"},\"comment\":\"\",\"contributor\":[\"Acsah Jacob\",\"Dr. Bobby Chellapan\",\"Dr. Joseph Jekab\",\"Hind Prakash\",\"Jinu Jacob\",\"Vipin Bhadran\"],\"creator\":\"BCS\",\"description\":\"Comprehension and theological questi"
Door43-Catalog	nag_obs-tn	OBS Translation Notes	"{\"checking\":{\"checking_entity\":[\"BCS\",\"Dr. Bobby Chellappan\"],\"checking_level\":\"3\"},\"comment\":\"\",\"contributor\":[\"Acsah Jacob\",\"Dr. Bobby Chellappan\",\"Dr. Joseph Jekab\",\"Hind Prakash\",\"Jinu Jacob\",\"Vipin Bhadran\"],\"creator\":\"Door43 World Missions Community\""
Door43-Catalog	nag_ta	Translation Academy	"{\"checking\":{\"checking_entity\":[\"BCS\"],\"checking_level\":\"3\"},\"comment\":\"\",\"contributor\":[\"Acsah Jacob\",\"Dr. Bobby Chellappan\",\"Hind Prakash\",\"Jinu Jacob\",\"Dr. Joseph Jekab\",\"Vipin Bhadran\"],\"creator\":\"Door43 World Missions Community\",\"description\":\"A modul"
Door43-Catalog	nag_obs-tq	OBS Translation Questions	"{\"checking\":{\"checking_entity\":[\"Dr. Bobby Chellappan\",\"BCS\"],\"checking_level\":\"3\"},\"comment\":\"\",\"contributor\":[\"Dr. Bobby Chellappan\",\"Vipin Bhadran\",\"Dr. Joseph Jekab\",\"Acsah Jacob\",\"Jinu Jacob\",\"Hind Prakash\"],\"creator\":\"Door43 World Missions Community\""
Door43-Catalog	nag_isv	Bible	"{\"checking\":{\"checking_entity\":[\"BCS\"],\"checking_level\":\"3\"},\"comment\":\"\",\"contributor\":[\"Dr. Bobby Chellappan\",\"Jitendra Samuel Singh\",\"Prabodh Kumar Singh\",\"Vipin Bhadran\"],\"creator\":\"Door43 World Missions Community\",\"description\":\"\",\"formats\":[{\"format\""
Door43-Catalog	nag_irv	Bible	"{\"checking\":{\"checking_entity\":[\"BCS\"],\"checking_level\":\"3\"},\"comment\":\"\",\"contributor\":[\"Acsah Jacob\",\"Dr. Bobby Chellappan\",\"Hind Prakash\",\"Vipin Bhadran\"],\"creator\":\"Door43 World Missions Community\",\"description\":\"\",\"formats\":[{\"format\":\"application/zip"
Door43-Catalog	nag_tn	TSV Translation Notes	"{\"checking\":{\"checking_entity\":[\"BCS\",\"Cdr. Thomas Mathew\",\"Dr. Bobby Chellappan\"],\"checking_level\":\"3\"},\"comment\":\"\",\"contributor\":[\"Acsah Jacob\",\"Dr. Bobby Chellappan\",\"Dr. Joseph Jekab\",\"Hind Prakash\",\"Jinu Jacob\",\"Vipin Bhadran\"],\"creator\":\"Door43 Worl"
Door43-Catalog	nag_obs	Open Bible Stories	"{\"checking\":{\"checking_entity\":[\"BCS\",\"Cdr. Thomas Mathew\"],\"checking_level\":\"3\"},\"comment\":\"\",\"contributor\":[\"Antoney Raj\",\"Cdr. Thomas Mathew\",\"Dr. Bobby Chellappan\",\"Hind Prakash\",\"Shojo John\",\"Vipin Bhadran\"],\"creator\":\"Door43 World Missions Community\""
Door43-Catalog	sw_obs-tn	OBS Translation Notes	"{\"checking\":{\"checking_entity\":[\"Ev . Mathew Kazimoto\",\"Ev. Ezekiel Daudi\",\"Ev. James A. Makula\",\"Ev. Moses Malugu\",\"GS. Andrew Gewe\",\"Past. Isack A. Gomugo\",\"Past. Mathias William\",\"Rev. John Ndaluka\",\"Rev. Alex Nyuri\",\"Rev. Catherin D. Matia\",\"Rev. Donal"
Door43-Catalog	sw_tq	Translation Questions	"{\"checking\":{\"checking_entity\":[\"Ev . Mathew Kazimoto\",\"Ev. Ezekiel Daudi\",\"Ev. James A. Makula\",\"Ev. Moses Malugu\",\"GS. Andrew Gewe\",\"Past. Isack A. Gomugo\",\"Past. Mathias William\",\"Rev. John Ndaluka\",\"Rev. Alex Nyuri\",\"Rev. Catherin D. Matia\",\"Rev. Donal"
Door43-Catalog	sw_obs-tq	OBS Translation Questions	"{\"checking\":{\"checking_entity\":[\"Rev. Erasmus Peter Malelo\"],\"checking_level\":\"3\"},\"comment\":\"\",\"contributor\":[\"Mr. James Semnkai\",\"Romantts\"],\"creator\":\"Door43 World Missions Community\",\"description\":\"Comprehension and theological questions for Open Bible"
Door43-Catalog	sw_obs	Open Bible Stories	"{\"checking\":{\"checking_entity\":[\"Rev. Erasmus Peter Malelo, Coordinator, Aict Pwani Diocese Translation Section\"],\"checking_level\":\"3\"},\"comment\":\"\",\"contributor\":[\"Ev. Cloud Roman\",\"Ev. James A. Makula\",\"Ev. Lazaro Chalomhjola\",\"Ev. Mathew Kazimoto\",\"GS. "
Door43-Catalog	sw_tn	Translation Notes	"{\"checking\":{\"checking_entity\":[\"Ev . Mathew Kazimoto\",\"Ev. Ezekiel Daudi\",\"Ev. James A. Makula\",\"Ev. Moses Malugu\",\"GS. Andrew Gewe\",\"Past. Isack A. Gomugo\",\"Past. Mathias William\",\"Rev. John Ndaluka\",\"Rev. Alex Nyuri\",\"Rev. Catherin D. Matia\",\"Rev. Donal"
Door43-Catalog	sw_tw	Translation Words	"{\"checking\":{\"checking_entity\":[\"Ev. Ezekiel Daudi\",\"Rev. Yohana S Dutuyi\",\"Rev. Donald Dutuyi\",\"Rev. Gungutu Elias\",\"GS. Andrew Gewe\",\"Pst. Isack A. Gomugo\",\"Ev . Mathew Kazimoto \",\"Rev. Yekonia M. Koko\",\"Rev. Dr. David Magoke \",\"Ev. James A. Makula\",\"Ev."
Door43-Catalog	sw_ulb	Bible	"{\"checking\":{\"checking_entity\":[\"Rev. Erasmus Peter Malelo\",\"Ev. Mathew Kazimoto\",\"Rev. Dr. David Magoke\",\"Rev. Elias Ndema\",\"Rev. Alex Nyuri\",\"Rev. Gungutu Elias\",\"Rev. Lameck Tobotobo\",\"Rev. Catherin D. Matia\",\"Rev. Yohana S Dutuyi\",\"Rev. Donald Dutuyi\","
Door43-Catalog	gu_tq	Translation Questions	"{\"checking\":{\"checking_entity\":[\"Pastor Wilson Jacob\",\"BCS\"],\"checking_level\":\"3\"},\"comment\":\"\",\"contributor\":[\"Acsah Jacob\",\"Hind Prakash\",\"Jinu Jacob\",\"Michael Christy\",\"Shojo John\",\"Vipin Bhadran\"],\"creator\":\"Door43 World Missions Community\",\"descriptio"
Door43-Catalog	gu_irv	Aligned Bible	"{\"checking\":{\"checking_entity\":[\"BCS\",\"Hind Prakash\"],\"checking_level\":\"3\"},\"comment\":\"\",\"contributor\":[\"Antoney Raj\",\"Cdr. Thomas Mathew\",\"Dr. Bobby Chellappan\",\"Hind Prakash\",\"Jinu Jacob\",\"Joseph Jekab\",\"Shojo John\",\"Vipin Bhadran\"],\"creator\":\"Door43 Wor"
Door43-Catalog	gu_tn	TSV Translation Notes	"{\"checking\":{\"checking_entity\":[\"BCS\",\"Pastor Wilson Jacob\"],\"checking_level\":\"3\"},\"comment\":\"\",\"contributor\":[\"Acsah Jacob\",\"Dr. Bobby Chellappan\",\"Dr. Joseph Jekab\",\"Hind Prakash\",\"Jinu Jacob\",\"Vipin Bhadran\"],\"creator\":\"Door43 World Missions Community\","
Door43-Catalog	gu_obs-tn	OBS Translation Notes	"{\"checking\":{\"checking_entity\":[\"BCS\",\"Cdr. Thomas Mathew, Managing Director, BCS\",\"Pr. Wilson Jacob\"],\"checking_level\":\"3\"},\"comment\":\"\",\"contributor\":[\"Anandiben I Parmar\",\"BCS\",\"Merlyn Easa\",\"Mukund J Macwan\",\"Roosevelt Christian\",\"Shojo John\"],\"creator"
Door43-Catalog	gu_glt	Aligned Bible	"{\"checking\":{\"checking_entity\":[\"BCS\"],\"checking_level\":\"3\"},\"comment\":\"\",\"contributor\":[\"Acsah Jacob\",\"Hind Prakash\",\"Jinu Jacob\",\"Vipin Bhadran\"],\"creator\":\"Door43 World Missions Community\",\"description\":\"\",\"formats\":[{\"format\":\"application/zip; type=bun"
Door43-Catalog	gu_obs	Open Bible Stories	"{\"checking\":{\"checking_entity\":[\"Cdr. Thomas Mathew, Managing Director, BCS\",\"Pr. Wilson Jacob\"],\"checking_level\":\"3\"},\"comment\":\"\",\"contributor\":[\"Anandiben I Parmar\",\"Merlyn Easa\",\"Mukund J Macwan\",\"Roosevelt Christian\"],\"creator\":\"Door43 World Missions "
Door43-Catalog	gu_tw	Translation Words	"{\"checking\":{\"checking_entity\":[\"Cdr. Thomas Mathew\",\"BCS\"],\"checking_level\":\"3\"},\"comment\":\"\",\"contributor\":[\"Antoney Raj\",\"Cdr. Thomas Mathew\",\"Dr. Bobby Chellappan\",\"Hind Prakash\",\"Shojo John\"],\"creator\":\"Door43 World Missions Community\",\"description\":\""
Door43-Catalog	gu_obs-tq	OBS Translation Questions	"{\"checking\":{\"checking_entity\":[\"BCS\",\"Cdr. Thomas Mathew, Managing Director, BCS\",\"Pr. Wilson Jacob\"],\"checking_level\":\"3\"},\"comment\":\"\",\"contributor\":[\"Anandiben I Parmar\",\"BCS\",\"Merlyn Easa\",\"Mukund J Macwan\",\"Roosevelt Christian\",\"Shojo John\"],\"creator"
Door43-Catalog	gu_ta	Translation Academy	"{\"checking\":{\"checking_entity\":[\"BCS\"],\"checking_level\":\"3\"},\"comment\":\"\",\"contributor\":[\"Cdr Thomas Mathew\",\"Dr Bobby Chellappan\",\"Antoney Raj\",\"Shojo John\",\"Hind Prakash\"],\"creator\":\"Door43 World Missions Community\",\"description\":\"A modular handbook that"
Door43-Catalog	gu_gst	Aligned Bible	"{\"checking\":{\"checking_entity\":[\"BCS\"],\"checking_level\":\"3\"},\"comment\":\"\",\"contributor\":[\"Acsah Jacob\",\"Hind Prakash\",\"Jinu Jacob\",\"Vipin Bhadran\"],\"creator\":\"Door43 World Missions Community\",\"description\":\"\",\"formats\":[{\"format\":\"application/zip; type=bun"
Door43-Catalog	gu_udb	Bible	"{\"checking\":{\"checking_entity\":[\"Cdr. Thomas Mathew\",\"BCS\"],\"checking_level\":\"3\"},\"comment\":\"\",\"contributor\":[\"Cdr. Thomas Mathew\",\"Dr. Bobby Chellappan\",\"Hind Prakash\",\"Shojo John\"],\"creator\":\"Door43 World Missions Community\",\"description\":\"An open-licens"
Door43-Catalog	gu_ulb	Bible	"{\"checking\":{\"checking_entity\":[\"Arpit Rathore\",\"Cdr. Thomas Mathew\",\"Pastor Wilson Ignas Jacob\",\"BCS\"],\"checking_level\":\"3\"},\"comment\":\"\",\"contributor\":[\"Antoney Raj\",\"Cdr. Thomas Mathew\",\"Dr. Bobby Chellappan\",\"Feba Jacob\",\"Hinal Prakash\",\"Hiren Pravinch"
Door43-Catalog	fr_obs-tn	OBS Translation Notes	"{\"checking\":{\"checking_entity\":[\"Ed Bussard\",\"Jim Pohlig\",\"Larry Sallee\"],\"checking_level\":\"3\"},\"comment\":\"\",\"contributor\":[\"Ed Bussard\",\"Jim Pohlig\",\"Larry Sallee\",\"Door43 World Missions Community\"],\"creator\":\"Door43 World Missions Community\",\"description"
Door43-Catalog	fr_f10	Bible	"{\"checking\":{\"checking_entity\":[\"Louis Segond\"],\"checking_level\":\"3\"},\"comment\":\"\",\"contributor\":[\"Louis Segond\"],\"creator\":\"Louis Segond\",\"description\":\"The Holy Bible in French, Louis Segond version of 1910\",\"formats\":[{\"format\":\"application/zip; type=bu"
Door43-Catalog	fr_obs-tq	OBS Translation Questions	"{\"checking\":{\"checking_entity\":[\"Ed Bussard\",\"Larry Sallee\"],\"checking_level\":\"3\"},\"comment\":\"\",\"contributor\":[\"Bbalana\",\"Ed Bussard\",\"Greermb\",\"Jeanmbaitoloum\",\"Larry Sallee\",\"Wendyc\"],\"creator\":\"Door43 World Missions Community\",\"description\":\"Comprehensi"
Door43-Catalog	fr_tn	Translation Notes	"{\"checking\":{\"checking_entity\":[\"Mme BARRY/OUEDRAOGO Assita\",\"Mme COULIBALY Catherine Saliatou\",\"Mme OUEDRAOGO/OUEDRAOGO Naomi\",\"Mme SAMPO Naomie\",\"Mme ZAPRE /DIARRA Aminata S.\",\"Pasteur BANANZARO T. Calixte\",\"Pasteur KABORE B. Saydou\",\"Pasteur OUATTARA T."
Door43-Catalog	fr_obs-sq	OBS Study Questions	"{\"checking\":{\"checking_entity\":[\"unfoldingWord\"],\"checking_level\":\"3\"},\"comment\":\"\",\"contributor\":[\"Larry Sallee, Th.M Dallas Theological Seminary, D.Min. Columbia Biblical Seminary\",\"Perry Oakes, PhD in Old Testament, MA in Linguistics\",\"Ed Bussard\",\"Door"
Door43-Catalog	fr_ulb	Bible	"{\"checking\":{\"checking_entity\":[\"Edjanga Jean Jacques, CBC Pastor\",\"Eric Shalom, CBC Pastor\",\"Jiofack Kana Charles Jesus, CBC Pastor\",\"Kainala Ngamsou, Living Word Pastor\",\"Mbipite Sammy, CBC Pastor\",\"Mbumwe Gaston, Pastor\",\"Ngatchou Happi Noe, CBC Pastor\""
Door43-Catalog	fr_tq	Translation Questions	"{\"checking\":{\"checking_entity\":[\"Mme BARRY/OUEDRAOGO Assita\",\"Mme COULIBALY Catherine Saliatou\",\"Mme OUEDRAOGO/OUEDRAOGO Naomi\",\"Mme SAMPO Naomie\",\"Mme ZAPRE /DIARRA Aminata S.\",\"Pasteur BANANZARO T. Calixte\",\"Pasteur KABORE B. Saydou\",\"Pasteur OUATTARA T."
Door43-Catalog	fr_obs	Open Bible Stories	"{\"checking\":{\"checking_entity\":[\"Ed Bussard\",\"Pastor Ahoa N'dah Ferdinand\",\"Apostle Akakpo Adote\",\"Pastor Andre Thera\",\"Josue Mouiche\",\"Rev. Peter Tapoayi\"],\"checking_level\":\"3\"},\"comment\":\"\",\"contributor\":[\"Augustin Gohoungo (Benin)\",\"Ayawa Agbenouvor (Be"
Door43-Catalog	fr_tw	Translation Words	"{\"checking\":{\"checking_entity\":[\"Translation team\"],\"checking_level\":\"2\"},\"comment\":\"\",\"contributor\":[\"Mme BARRY/OUEDRAOGO Assita\",\"Mme COULIBALY Catherine Saliatou\",\"Mme OUEDRAOGO/OUEDRAOGO Naomi\",\"Mme SAMPO Naomie\",\"Mme ZAPRE /DIARRA Aminata S.\",\"Pasteur"
Door43-Catalog	fr_obs-sn	OBS Study Notes	"{\"checking\":{\"checking_entity\":[\"unfoldingWord\"],\"checking_level\":\"3\"},\"comment\":\"\",\"contributor\":[\"Larry Sallee, Th.M Dallas Theological Seminary, D.Min. Columbia Biblical Seminary\",\"Perry Oakes, PhD in Old Testament, MA in Linguistics\",\"Ed Bussard\",\"Door"
Door43-Catalog	lus_obs	Open Bible Stories	"{\"checking\":{\"checking_entity\":[\"Pastor John of 1st Christian Church\",\"Isaac Vobika Ralte, Field Secretary, NLMF\",\"Lalremkung Pakhuongte\",\"Mr. Royal Lalsangthang Pakhuongte\",\"Rev. F. Lalduailova\"],\"checking_level\":\"3\"},\"comment\":\"\",\"contributor\":[\"Isaac Vo"
Door43-Catalog	th_tq	Translation Questions	"{\"checking\":{\"checking_entity\":[\"Boonyarid Promsottipong\",\"Chayan Hiranpan (Pastor)\",\"Janjira Kamla\",\"Narin Tobprakon\",\"Pastor Ooy Puchai (Pastor)\",\"Pattama Yaintorn\",\"Peace Sriwilairit (Pastor)\",\"Pisarn Amart (Bishop)\",\"Rev. Anucharn Siroros\",\"Sirirat Puc"
Door43-Catalog	th_tw	Translation Words	"{\"checking\":{\"checking_entity\":[\"Amorn Thongdee\",\"Boonyarid Promsottipong\",\"Charoenpit Sriwilairit\",\"Chayan Hiranpan\",\"Janjira Kamla\",\"Jonathan John Ligero\",\"Narin Torbprakon\",\"Naruemon Prasopchaiudom\",\"Orawan Sivapornsatain\",\"Pattama Yamtom\",\"Pisarn Amart"
Door43-Catalog	ne_obs-tq	OBS Translation Questions	"{\"checking\":{\"checking_entity\":[\"Amit Bhandari\",\"Mani Chandra Rai\",\"Kamal Adhikari\",\"Krishna Bohora\"],\"checking_level\":\"3\"},\"comment\":\"\",\"contributor\":[\"Hum Lamtari\",\"Tilak Basnet\"],\"creator\":\"Door43 World Missions Community\",\"description\":\"Comprehension a"
Door43-Catalog	ne_obs	Open Bible Stories	"{\"checking\":{\"checking_entity\":[\"Shiva Hari Bhattarai\",\"Rev. Dhan Thapa\"],\"checking_level\":\"3\"},\"comment\":\"\",\"contributor\":[\"Hum Lamtari\",\"Ramesh Khadka\",\"Bidur Adhikari\"],\"creator\":\"Door43 World Missions Community\",\"description\":\"an unrestricted visual mi"
Door43-Catalog	ne_tn	TSV Translation Notes	"{\"checking\":{\"checking_entity\":[\"Rev. Bishnu Basnet, Senior Pastor of Anugrah Jyoti Church\",\"Rev. Harka Bahadur Khadka, Pastor of Ananta Asha Church\",\"Rev. Shiva Hari Bhattarai, Executive Secretary of Nepal Churches Fellowship of Nepal\"],\"checking_level\":\""
Door43-Catalog	ne_ta	Translation Academy	"{\"checking\":{\"checking_entity\":[\"Pastor Harka Bahadur Khadka, Church Pastor\",\"Pastor Aita Bahadur Tumbanangpge, senior pastor of Jesus Family Church\",\"Pastor Shivahari Bhattarai, Executive secretary of NCFN\"],\"checking_level\":\"3\"},\"comment\":\"\",\"contributor"
Door43-Catalog	ne_gst	Aligned Bible	"{\"checking\":{\"checking_entity\":[\"Prof. Paul Rana, Theological seminary lecturer\",\"Prof. Rameshwor Yadav,Theological seminary lecturer\"],\"checking_level\":\"3\"},\"comment\":\"\",\"contributor\":[\"Harka KHadka\",\"Hum Lamtari\"],\"creator\":\"Door43 World Missions Communi"
Door43-Catalog	ne_glt	Aligned Bible	"{\"checking\":{\"checking_entity\":[\"Prof. Paul Rana, Theological seminary lecturer\",\"Prof. Rameshwor Yadav,Theological seminary lecturer\",\"Prof. Timothy K.C Theological seminary lecturer\",\"Pastor Mohan Rai, Ecclesia Church\"],\"checking_level\":\"3\"},\"comment\":\"\""
Door43-Catalog	ne_obs-tn	OBS Translation Notes	"{\"checking\":{\"checking_entity\":[\"Pastor Aita Bahadur Tumbanangpge, senior pastor of Jesus Family Church\",\"Pastor Shivahari Bhattarai, Executive secretary of NCFN\"],\"checking_level\":\"3\"},\"comment\":\"\",\"contributor\":[\"Hum Lamtari\",\"Tilak Basnet\"],\"creator\":\"D"
Door43-Catalog	ne_ulb	Bible	"{\"checking\":{\"checking_entity\":[\"Amos Gajmer\",\"Hari Prasad Regmi\",\"Lok Bahadur Sunuwar\",\"Mrs. Sareeta Giri\",\"Pastor Ait Bahadur Tumbahangphe, Jesus Family Church\",\"Pastor Bishnu Basnet, Anugraha Jyoti Church\",\"Pastor Philip Subedi\",\"Rev. Rajendra Malla\",\"R"
Door43-Catalog	ne_tq	Translation Questions	"{\"checking\":{\"checking_entity\":[\"HTS\"],\"checking_level\":\"3\"},\"comment\":\"\",\"contributor\":[\"Mani Chandra Rai\",\"Kamala Adhikari\",\"Krishna Bohora\",\"Amit Bhandari\",\"Harka Kadka\",\"Hum Lamtari\"],\"creator\":\"Door43 World Missions Community\",\"description\":\"Comprehen"
Door43-Catalog	ne_udb	Bible	"{\"checking\":{\"checking_entity\":[\"Mrs. Sareeta Giri\",\"Rev. Ait Bahadur Tumbahangphe, pastor of Jesus Family Church\",\"Rev. Philip Subedi, President of Emmabuel Ecclesia Churches Nepal\",\"Rev. Rajendra Malla\",\"Rev. Shiva Hari Bhattarai, Executive Secretary of "
Door43-Catalog	ne_tw	Translation Words	"{\"checking\":{\"checking_entity\":[\"HTS\"],\"checking_level\":\"3\"},\"comment\":\"\",\"contributor\":[\"Mani Chandra Rai\",\"Amit Bhandari\",\"Kamal Adhikari\",\"Krishna Bohora\",\"Harka Khadka\",\"Hum Lamtari\"],\"creator\":\"Door43 World Missions Community\",\"description\":\"A basic B"
Door43-Catalog	sgj_obs	Open Bible Stories	"{\"checking\":{\"checking_entity\":[\"translation team\"],\"checking_level\":\"1\"},\"comment\":\"\",\"contributor\":[\"Manbodh Ram\",\"Prem Singh\"],\"creator\":\"Door43 World Missions Community\",\"description\":\"Open Bible Stories\",\"formats\":[{\"format\":\"application/zip; type=boo"
Door43-Catalog	ta_ta	Translation Academy	"{\"checking\":{\"checking_entity\":[\"BCS\"],\"checking_level\":\"3\"},\"comment\":\"\",\"contributor\":[\"Acsah Jacob\",\"Dr. Bobby Chellappan\",\"Hind Prakash\",\"Jinu Jacob\",\"Dr. Joseph Jekab\",\"Vipin Bhadran\"],\"creator\":\"Door43 World Missions Community\",\"description\":\"A modul"
Door43-Catalog	ta_ulb	Bible	"{\"checking\":{\"checking_entity\":[\"Cdr. Thomas Mathew\",\"Dr. Vijayan Chinnappan\"],\"checking_level\":\"3\"},\"comment\":\"\",\"contributor\":[\"Antoney Raj\",\"Babu Manohar\",\"Cdr. Thomas Mathew\",\"D. Samson\",\"Dr. Bobby Chellappan\",\"Gopinath Israel\",\"Hinal Prakash\",\"Jobby P"
Door43-Catalog	ta_obs-tq	OBS Translation Questions	"{\"checking\":{\"checking_entity\":[\"Dr. Bobby Chellappan\",\"BCS\"],\"checking_level\":\"3\"},\"comment\":\"\",\"contributor\":[\"Dr. Bobby Chellappan\",\"Vipin Bhadran\",\"Dr. Joseph Jekab\",\"Acsah Jacob\",\"Jinu Jacob\",\"Hind Prakash\"],\"creator\":\"Door43 World Missions Community\""
Door43-Catalog	ta_irv	Aligned Bible	"{\"checking\":{\"checking_entity\":[\"BCS\",\"Dr. Bobby Chellappan\"],\"checking_level\":\"3\"},\"comment\":\"\",\"contributor\":[\"Acsah Jacob\",\"Dr. Bobby Chellappan\",\"Dr. Joseph Jekab\",\"Hind Prakash\",\"Jinu Jacob\",\"Vipin Bhadran\"],\"creator\":\"Door43 World Missions Community\""
Door43-Catalog	ta_obs	Open Bible Stories	"{\"checking\":{\"checking_entity\":[\"BCS\",\"Cdr. Thomas Mathew\"],\"checking_level\":\"3\"},\"comment\":\"\",\"contributor\":[\"Antoney Raj\",\"Cdr. Thomas Mathew\",\"Dr. Bobby Chellappan\",\"Hind Prakash\",\"Shojo John\",\"Vipin Bhadran\"],\"creator\":\"Door43 World Missions Community\""
Door43-Catalog	ta_tq	Translation Questions	"{\"checking\":{\"checking_entity\":[\"Pastor Vijayan Chinnappan\"],\"checking_level\":2},\"comment\":\"\",\"contributor\":[\"Gopinath Israel\",\"Shojo John\"],\"creator\":\"Door43 World Missions Community\",\"description\":\"Comprehension questions for checking Bible translations\""
Door43-Catalog	ta_tw	Translation Words	"{\"checking\":{\"checking_entity\":[\"BCS\"],\"checking_level\":\"3\"},\"comment\":\"\",\"contributor\":[\"Cdr Thomas Mathew\",\"Dr Bobby Chellappan\",\"Antoney Raj\",\"Shojo John\",\"Hind Prakash\"],\"creator\":\"Door43 World Missions Community\",\"description\":\"A basic Bible lexicon t"
Door43-Catalog	ta_obs-tn	OBS Translation Notes	"{\"checking\":{\"checking_entity\":[\"BCS\",\"Dr. Bobby Chellappan\"],\"checking_level\":\"3\"},\"comment\":\"\",\"contributor\":[\"Acsah Jacob\",\"Dr. Bobby Chellappan\",\"Dr. Joseph Jekab\",\"Hind Prakash\",\"Jinu Jacob\",\"Vipin Bhadran\"],\"creator\":\"Door43 World Missions Community\""
Door43-Catalog	ta_tn	Translation Notes	"{\"checking\":{\"checking_entity\":[\"Pastor Vijayan Chinnapppan\"],\"checking_level\":\"3\"},\"comment\":\"\",\"contributor\":[\"Gopinath Isral\",\"Shojo John\"],\"creator\":\"Door43 World Missions Community\",\"description\":\"Notes to help translators of the Bible\",\"formats\":[{\"f"
Door43-Catalog	es-419_tn	TSV Translation Notes	"{\"checking\":{\"checking_entity\":[\"Ana Gloria Molina Escuté- Iglesia Catacumba 3-Seminary graduated student\",\"Asambleas de Dios Pastor David Sánchez - Iglesia Senda de Amor\",\"Tania Alicea- Primera Iglesia Cristiana Discípulos de Cristo, Vega Alta-Biblical In"
Door43-Catalog	es-419_tw	Translation Words	"{\"checking\":{\"checking_entity\":[\"Pastor Victor Vazquez from Baptist Church in Palmer, Rio Grande\",\"Tania Alicea (church leader and elder) 1st Christian Disciples of Christ Church in Vega Alta\",\"Ada González (church leader, graduated Seminary student) fom 1"
Door43-Catalog	es-419_obs	Open Bible Stories	"{\"checking\":{\"checking_entity\":[\"Claudia Rodríguez\",\"Erick Montilla\",\"Francisco Luna\",\"Gabriel Villanueva\",\"Guillermo Juárez\",\"Iglesia Shalom\",\"Javier Rascon\",\"Jesús Rodríguez\",\"Jose Luis Ramirez\",\"Lamberto Salcida\",\"Manuel Castillo\",\"Martha Juárez\",\"Myrna"
Door43-Catalog	es-419_ulb	Bible	"{\"checking\":{\"checking_entity\":[\"Ana Gloria Molina Escuté- Iglesia Catacumba 3-Seminary graduated student\",\"Chaplain Tania Alicea- Primera Iglesia Cristiana Discípulos de Cristo, Vega Alta-Biblical Institute Graduated\",\"Edixa Collazo-Iglesia Senda de Amor,"
Door43-Catalog	es-419_ta	Translation Academy	"{\"checking\":{\"checking_entity\":[\"Idiomas Puentes\"],\"checking_level\":\"3\"},\"comment\":\"\",\"contributor\":[\"JMiguel Cordero\",\"Elías Piñero\",\"Abel Pérez\"],\"creator\":\"Door43 World Missions Community\",\"description\":\"A modular handbook that provides a condensed expl"
Door43-Catalog	es-419_tq	Translation Questions	"{\"checking\":{\"checking_entity\":[\"Laura Negrón Nieves-Seminary teacher - Iglesia Fuente de Luz Del Poblado Rosario\",\"Pastor José A. Torres Rodríguez-Wesleyan Church in Rio Grande\",\"Pastor David Sánchez- Iglesia Senda de Amor, Dorado\",\"Pastor Víctor M. Vázqu"
Door43-Catalog	my_ulb	Bible	"{\"checking\":{\"checking_entity\":[\"Adoniram Judson\"],\"checking_level\":\"3\"},\"comment\":\"\",\"contributor\":[\"Adoniram Judson\"],\"creator\":\"Adoniram Judson\",\"description\":\"The Holy Bible in Burmese, Judson translation\",\"formats\":[{\"format\":\"application/zip; type=bu"
Door43-Catalog	tl_tw	Translation Words	"{\"checking\":{\"checking_entity\":[\"Achacoso, Hamir Ibrahim\",\"Adriano, Wilfredo R.\",\"AKI\",\"Aril, Lala\",\"Atienza, Melchizedek Eleazar\",\"Auxillo, Alfredo S.\",\"Bagamaspao, Elison C.\",\"Balbieran, Romilyn\",\"Balbieran, Ruth\",\"Baldemor, Emily Mary Jane\",\"Baldemor, N"
Door43-Catalog	tl_ulb	Bible	"{\"checking\":{\"checking_entity\":[\"Achacoso, Hamir Ibrahim\",\"Adriano, Wilfredo R.\",\"AKI\",\"Aril, Lala\",\"Atienza, Melchizedek Eleazar\",\"Auxillo, Alfredo S.\",\"Bagamaspao, Elison C.\",\"Balbieran, Romilyn\",\"Balbieran, Ruth\",\"Baldemor, Emily Mary Jane\",\"Baldemor, N"
Door43-Catalog	tl_obs	Open Bible Stories	"{\"checking\":{\"checking_entity\":[\"Jake Pawid\",\"Norman Lipio\",\"Joy Punghan\",\"Rosa Tumapang\",\"Dick Dinangwatan\",\"Cristina Dingcog\"],\"checking_level\":\"2\"},\"comment\":\"\",\"contributor\":[\"Anita Laya\",\"Maripple Lopez\",\"Rommel Flores\",\"Armie Estales\"],\"creator\":\"Doo"
Door43-Catalog	tl_tn	Translation Notes	"{\"checking\":{\"checking_entity\":[\"Achacoso, Hamir Ibrahim\",\"Adriano, Wilfredo R.\",\"AKI\",\"Aril, Lala\",\"Atienza, Melchizedek Eleazar\",\"Auxillo, Alfredo S.\",\"Bagamaspao, Elison C.\",\"Balbieran, Romilyn\",\"Balbieran, Ruth\",\"Baldemor, Emily Mary Jane\",\"Baldemor, N"
Door43-Catalog	tl_tq	Translation Questions	"{\"checking\":{\"checking_entity\":[\"Achacoso, Hamir Ibrahim\",\"Adriano, Wilfredo R.\",\"AKI\",\"Aril, Lala\",\"Atienza, Melchizedek Eleazar\",\"Auxillo, Alfredo S.\",\"Bagamaspao, Elison C.\",\"Balbieran, Romilyn\",\"Balbieran, Ruth\",\"Baldemor, Emily Mary Jane\",\"Baldemor, N"
Door43-Catalog	te_obs	Open Bible Stories	"{\"checking\":{\"checking_entity\":[\"BCS\",\"Cdr. Thomas Mathew\"],\"checking_level\":\"3\"},\"comment\":\"\",\"contributor\":[\"Acsah Jacob\",\"Antoney Raj\",\"Cdr. Thomas Mathew\",\"Hind Prakash\",\"Shojo John\"],\"creator\":\"Door43 World Missions Community\",\"description\":\"50 key st"
Door43-Catalog	te_irv	Aligned Bible	"{\"checking\":{\"checking_entity\":[\"BCS\",\"Cdr. Thomas Mathew\"],\"checking_level\":\"3\"},\"comment\":\"\",\"contributor\":[\"Antoney Raj\",\"Cdr. Thomas Mathew\",\"Dr. Bobby Chellapan\",\"Hind Prakash\",\"Jinu Jacob\",\"Joseph Jekab\",\"Shojo John\",\"Vipin Bhadran\"],\"creator\":\"Door4"
Door43-Catalog	te_ust	Bible	"{\"checking\":{\"checking_entity\":[\"BCS\",\"Cdr. Thomas Mathew\"],\"checking_level\":\"3\"},\"comment\":\"\",\"contributor\":[\"Antoney Raj\",\"Cdr. Thomas Mathew\",\"Dr. Bobby Chellappan\",\"Hind Prakash\",\"Shojo John\",\"Vipin Bhadran\"],\"creator\":\"Door43 World Missions Community\""
Door43-Catalog	te_gst	Aligned Bible	"{\"checking\":{\"checking_entity\":[\"BCS\"],\"checking_level\":\"3\"},\"comment\":\"\",\"contributor\":[\"Acsah Jacob\",\"Dr. Bobby Chellapan\",\"Hind Prakash\",\"Jinu Jacob\",\"Vipin Bhadran\"],\"creator\":\"Door43 World Missions Community\",\"description\":\"\",\"formats\":[{\"format\":\"app"
Door43-Catalog	te_iev	Bible	"{\"checking\":{\"checking_entity\":[\"BCS\",\"Cdr. Thomas Mathew\",\"Dr. Bobby Chellappan\"],\"checking_level\":\"3\"},\"comment\":\"\",\"contributor\":[\"Acsah Jacob\",\"Cdr. Thomas Mathew\",\"Dr. Bobby Chellappan\",\"Hind Prakash\",\"Jinu Jacob\",\"Shojo John\",\"Vipin Bhadran\"],\"creato"
Door43-Catalog	te_glt	Aligned Bible	"{\"checking\":{\"checking_entity\":[\"BCS\"],\"checking_level\":\"3\"},\"comment\":\"\",\"contributor\":[\"Acsah Jacob\",\"Dr. Bobby Chellapan\",\"Hind Prakash\",\"Jinu Jacob\",\"Vipin Bhadran\"],\"creator\":\"Door43 World Missions Community\",\"description\":\"\",\"formats\":[{\"format\":\"app"
Door43-Catalog	te_obs-tq	OBS Translation Questions	"{\"checking\":{\"checking_entity\":[\"Dr. Bobby Chellappan\",\"BCS\"],\"checking_level\":\"3\"},\"comment\":\"\",\"contributor\":[\"Dr. Bobby Chellappan\",\"Vipin Bhadran\",\"Dr. Joseph Jekab\",\"Acsah Jacob\",\"Jinu Jacob\",\"Hind Prakash\"],\"creator\":\"Door43 World Missions Community\""
Door43-Catalog	te_tw	Translation Words	"{\"checking\":{\"checking_entity\":[\"BCS\",\"Cdr Thomas Mathew\"],\"checking_level\":\"3\"},\"comment\":\"\",\"contributor\":[\"Acsah Jacob\",\"Antoney Raj\",\"Cdr Thomas Mathew\",\"Dr Bobby Chellappan\",\"Hind Prakash\",\"Jinu Jacob\",\"MV Sunny\",\"Shojo John\",\"Vipin Bhadran\",\"Zipson G"
Door43-Catalog	te_ulb	Bible	"{\"checking\":{\"checking_entity\":[\"Cdr. Thomas Mathew\",\"Dr. Job Sudarshan\"],\"checking_level\":\"3\"},\"comment\":\"\",\"contributor\":[\"Antoney Raj\",\"Cdr. Thomas Mathew\",\"Dasari Sundara Das\",\"Dr. Bobby Chellappan\",\"Dr. Job Sudharshan\",\"Hind Prakash\",\"Jobby Prasannan\""
Door43-Catalog	te_ta	Translation Academy	"{\"checking\":{\"checking_entity\":[\"Dr. Bobby Chellappan\",\"BCS\"],\"checking_level\":\"3\"},\"comment\":\"\",\"contributor\":[\"Acsah Jacob\",\"Dr. Bobby Chellappan\",\"Dr. Joseph Jekab\",\"Hind Prakash\",\"Jinu Jacob\",\"Vipin Bhadran\"],\"creator\":\"Door43 World Missions Community\""
Door43-Catalog	te_obs-tn	OBS Translation Notes	"{\"checking\":{\"checking_entity\":[\"BCS\",\"Dr. Bobby Chellappan\"],\"checking_level\":\"3\"},\"comment\":\"\",\"contributor\":[\"Acsah Jacob\",\"Dr. Bobby Chellappan\",\"Dr. Joseph Jekab\",\"Hind Prakash\",\"Jinu Jacob\",\"Vipin Bhadran\"],\"creator\":\"Door43 World Missions Community\""
Door43-Catalog	te_tn	TSV Translation Notes	"{\"checking\":{\"checking_entity\":[\"Cdr. Thomas Mathew\",\"Dr. Bobby Chellappan\",\"Dr. Job Sudarshan\",\"BCS\"],\"checking_level\":\"3\"},\"comment\":\"\",\"contributor\":[\"Acsah Jacob\",\"Antoney Raj\",\"Cdr. Thomas Mathew\",\"Dr. Bobby Chellappan\",\"Hind Prakash\",\"Jinu Jacob\",\"Jo"
Door43-Catalog	te_tq	Translation Questions	"{\"checking\":{\"checking_entity\":[\"Dr. Job Sudarshan\",\"Hind Prakash\",\"BCS\"],\"checking_level\":\"2\"},\"comment\":\"\",\"contributor\":[\"Acsah Jacob\",\"Hind Prakash\",\"Jinu Jacob\",\"Joshua Neeraj\",\"Shojo John\",\"Vipin Bhadran\"],\"creator\":\"Door43 World Missions Community\","
Door43-Catalog	en_tqtsv	TSV Translation Questions	"{\"checking\":{\"checking_entity\":[\"unfoldingWord\"],\"checking_level\":\"3\"},\"comment\":\"\",\"contributor\":[\"Door43 World Missions Community\"],\"creator\":\"Door43 World Missions Community\",\"description\":\"Comprehension and theological questions for each chapter of the"
Door43-Catalog	en_obs-sn	OBS Study Notes	"{\"checking\":{\"checking_entity\":[\"unfoldingWord\"],\"checking_level\":\"1\"},\"comment\":\"\",\"contributor\":[\"Larry Sallee, Th.M Dallas Theological Seminary, D.Min. Columbia Biblical Seminary\",\"Perry Oakes, PhD in Old Testament, MA in Linguistics\",\"Door43 World Miss"
Door43-Catalog	en_t4t	Bible	"{\"checking\":{\"checking_entity\":[\"Ellis W. Deibler, Jr.\"],\"checking_level\":\"3\"},\"comment\":\"\",\"contributor\":[\"Ellis W. Deibler, Jr.\"],\"creator\":\"Ellis W. Deibler, Jr.\",\"description\":\"A Translation for Translators\",\"formats\":[{\"format\":\"application/zip; type="
Door43-Catalog	en_ta	Translation Academy	"{\"checking\":{\"checking_entity\":[\"unfoldingWord®\"],\"checking_level\":\"3\"},\"comment\":\"\",\"contributor\":[\"Jesse Griffin, BA in Biblical Studies, MA in Biblical Languages\",\"Perry Oakes, PhD in Old Testament, MA in Linguistics, MA in Theology, BA in Biblical Stud"
Door43-Catalog	en_ult	Aligned Bible	"{\"checking\":{\"checking_entity\":[\"unfoldingWord\"],\"checking_level\":\"3\"},\"comment\":\"\",\"contributor\":[\"Nicholas Alsop\",\"Scott Bayer\",\"Larry T Brooks, M.Div., Assemblies of God Theological Seminary\",\"Matt Carlton\",\"George “Drew” Curley, M.Div., PhD, Professor "
Door43-Catalog	en_twl	TSV Translation Words Links	"{\"checking\":{\"checking_entity\":[\"unfoldingWord\"],\"checking_level\":\"3\"},\"comment\":\"\",\"contributor\":[\"Door43 World Missions Community\",\"Jesse Griffin (BA Biblical Studies, Liberty University; MA Biblical Languages, Gordon-Conwell Theological Seminary)\",\"Perr"
Door43-Catalog	en_twl	TSV OBS Translation Words Links	"{\"checking\":{\"checking_entity\":[\"unfoldingWord\"],\"checking_level\":\"3\"},\"comment\":\"\",\"contributor\":[\"This list was copied and not necessarily correct for this resource\",\"Door43 World Missions Community\",\"Jesse Griffin (BA Biblical Studies, Liberty Universit"
Door43-Catalog	en_obs-tn	OBS Translation Notes	"{\"checking\":{\"checking_entity\":[\"unfoldingWord\"],\"checking_level\":\"3\"},\"comment\":\"\",\"contributor\":[\"Larry Sallee, Th.M Dallas Theological Seminary, D.Min. Columbia Biblical Seminary\",\"Susan Quigley, MA in Linguistics\",\"Andrew Belcher\",\"Lizz Carlton\",\"Jan Z"
Door43-Catalog	en_obs	Open Bible Stories	"{\"checking\":{\"checking_entity\":[\"unfoldingWord\"],\"checking_level\":\"3\"},\"comment\":\"\",\"contributor\":[\"unfoldingWord\",\"Door43 World Missions Community\"],\"creator\":\"unfoldingWord\",\"description\":\"Unrestricted visual Bible stories–50 key stories of the Bible, fr"
Door43-Catalog	en_ulb	Bible	"{\"checking\":{\"checking_entity\":[\"unfoldingWord\"],\"checking_level\":\"3\"},\"comment\":\"\",\"contributor\":[\"Alrick G. Headley, M.Div., Th.M.\",\"Adam W. Nagelvoort, M.Div. Academic Ministries, Columbia International University\",\"Dave Statezni, BA Orig langs., M.Div."
Door43-Catalog	en_obs-sq	OBS Study Questions	"{\"checking\":{\"checking_entity\":[\"unfoldingWord\"],\"checking_level\":\"1\"},\"comment\":\"\",\"contributor\":[\"Larry Sallee, Th.M Dallas Theological Seminary, D.Min. Columbia Biblical Seminary\",\"Perry Oakes, PhD in Old Testament, MA in Linguistics\",\"Door43 World Miss"
Door43-Catalog	en_tq	Translation Questions	"{\"checking\":{\"checking_entity\":[\"unfoldingWord\"],\"checking_level\":\"3\"},\"comment\":\"\",\"contributor\":[\"Larry Sallee (Th.M Dallas Theological Seminary, D.Min. Columbia Biblical Seminary)\",\"Perry Oakes (BA Biblical Studies, Taylor University; MA Theology, Fulle"
Door43-Catalog	en_udb	Bible	"{\"checking\":{\"checking_entity\":[\"unfoldingWord\"],\"checking_level\":\"3\"},\"comment\":\"\",\"contributor\":[\"Alrick G. Headley, M.Div., Th.M.\",\"Adam W. Nagelvoort, M.Div. Academic Ministries, Columbia International University\",\"Dave Statezni, BA Orig langs., M.Div."
Door43-Catalog	en_tn	TSV Translation Notes	"{\"checking\":{\"checking_entity\":[\"unfoldingWord\"],\"checking_level\":\"3\"},\"comment\":\"\",\"contributor\":[\"Door43 World Missions Community\",\"Aaron Fenlason\",\"Abner Bauman\",\"Adam Van Goor\",\"Alan Bird\",\"Alan Borkenhagen\",\"Alfred Van Dellen\",\"Alice Wright\",\"Allen Ba"
Door43-Catalog	en_tw	Translation Words	"{\"checking\":{\"checking_entity\":[\"unfoldingWord\"],\"checking_level\":\"3\"},\"comment\":\"\",\"contributor\":[\"Andrew Belcher\",\"David Book\",\"Jesse Griffin, BA Biblical Studies, MA Biblical Languages\",\"Henry Whitney, Bible translator, Papua New Guinea, 1982–2000\",\"Lar"
Door43-Catalog	en_ust	Aligned Bible	"{\"checking\":{\"checking_entity\":[\"unfoldingWord\"],\"checking_level\":\"3\"},\"comment\":\"\",\"contributor\":[\"Nicholas Alsop\",\"Larry T Brooks, M.Div., Assemblies of God Theological Seminary\",\"Matt Carlton\",\"George “Drew” Curley, M.Div., PhD, Professor of Biblical La"
Door43-Catalog	en_obs-tq	OBS Translation Questions	"{\"checking\":{\"checking_entity\":[\"unfoldingWord\"],\"checking_level\":\"3\"},\"comment\":\"\",\"contributor\":[\"Larry Sallee, Th.M Dallas Theological Seminary, D.Min. Columbia Biblical Seminary\",\"Susan Quigley, MA in Linguistics\",\"Jerrell Hein\",\"Lizz Carlton\",\"Door43 "
Door43-Catalog	es_obs	Open Bible Stories	"{\"checking\":{\"checking_entity\":[\"translation team\"],\"checking_level\":\"1\"},\"comment\":\"Level 1 check cleared via email to Tim Jore by translation team.\",\"contributor\":[\"ljbadiola\",\"natilatina\"],\"creator\":\"Door43 World Missions Community\",\"description\":\"una m"
Door43-Catalog	pt-br_tw	Translation Words	"{\"checking\":{\"checking_entity\":[\"Aldacyr Rodrigues Mota\",\"Alexandre A. Amaral\",\"Claudia Marinho\",\"Ernesto Feliciano\",\"Fernando Angelo Xavier Mavundza\",\"Filipe Escobar Branco\",\"Joice Milene Pereiro de Oliveira\",\"Julio Bueno\",\"Marcel De Oliveira Marinho\",\"Ná"
Door43-Catalog	pt-br_blv	Bible	"{\"checking\":{\"checking_entity\":[\"Diego Santos (Lider)\",\"Julio Cesar Bueno de Oliveira (Pastor)\",\"Rodrigo Tinoco (Lider)\"],\"checking_level\":\"3\"},\"comment\":\"\",\"contributor\":[\"Diego Santos\",\"Door43 World Missions Community\",\"Guilherme Ferreira\",\"Julio Cesar B"
Door43-Catalog	pt-br_ulb	Bible	"{\"checking\":{\"checking_entity\":[\"Adriana Souza Mattos\",\"Alaídes Monteiro\",\"Aldacyr Rodrigues Mota\",\"Alexandre A. Amaral\",\"Carlos Castro\",\"Carlos Felipe Oliveira\",\"Celma Barros\",\"Clarice Lage Gualberto\",\"Claudia Agra\",\"Claudia Marinho\",\"Danora Bachmann\",\"Da"
Door43-Catalog	pt-br_obs	Open Bible Stories	"{\"checking\":{\"checking_entity\":[\"L1 Vera Meningroni | L2 beta.lara.carla\",\"Lara Andrade\",\"Clara Pinto | L3 Igreja Boas Novas de Sao Paulo\",\"Brasil: Vagner Vaelatti\",\"David Distler\",\"Eduardo de Oliveira\",\"Jade\",\"Thiago\",\"Vanessa\",\"Andre\",\"Wilza\",\"Nadia\",\"Ta"
Door43-Catalog	pt-br_tn	Translation Notes	"{\"checking\":{\"checking_entity\":[\"Aldacyr Rodrigues Mota\",\"Alexandre A. Amaral\",\"Claudia Marinho\",\"Ernesto Feliciano\",\"Fernando Angelo Xavier Mavundza\",\"Filipe Escobar Branco\",\"Joice Milene Pereiro de Oliveira\",\"Julio Bueno\",\"Marcel De Oliveira Marinho\",\"Ná"
Door43-Catalog	pt-br_tq	Translation Questions	"{\"checking\":{\"checking_entity\":[\"Aldacyr Rodrigues Mota\",\"Alexandre A. Amaral\",\"Claudia Marinho\",\"Ernesto Feliciano\",\"Fernando Angelo Xavier Mavundza\",\"Filipe Escobar Branco\",\"Joice Milene Pereiro de Oliveira\",\"Julio Bueno\",\"Marcel De Oliveira Marinho\",\"Ná"
Door43-Catalog	as_tn	Translation Notes	"{\"checking\":{\"checking_entity\":[\"BCS\",\"Dr. Bobby Chellappan\"],\"checking_level\":\"3\"},\"comment\":\"\",\"contributor\":[\"Antoney Raj\",\"BCS\",\"Cdr. Thomas Mathew\",\"Dr. Bobby Chellappan\",\"Hind Prakash\",\"Rinu John\",\"Shojo John\"],\"creator\":\"Door43 World Missions Commun"
Door43-Catalog	as_obs	Open Bible Stories	"{\"checking\":{\"checking_entity\":[\"BCS\",\"Cdr. Thomas Mathew\"],\"checking_level\":\"3\"},\"comment\":\"\",\"contributor\":[\"Antoney Raj\",\"Cdr. Thomas Mathew\",\"Dr. Bobby Chellappan\",\"Hind Prakash\",\"Shojo John\",\"Vipin Bhadran\"],\"creator\":\"Door43 World Missions Community\""
Door43-Catalog	as_obs-tn	OBS Translation Notes	"{\"checking\":{\"checking_entity\":[\"BCS\",\"Hand prakash\"],\"checking_level\":\"3\"},\"comment\":\"\",\"contributor\":[\"Acsah Jacob\",\"Hind Prakash\",\"Jinu Jacob\",\"Vipin Bhadran\"],\"creator\":\"Door43 World Missions Community\",\"description\":\"Open-licensed exegetical notes tha"
Door43-Catalog	as_tw	Translation Words	"{\"checking\":{\"checking_entity\":[\"BCS\"],\"checking_level\":\"3\"},\"comment\":\"\",\"contributor\":[\"Antoney Raj\",\"Dr. Bobby Chellappan\",\"Hind Prakash\",\"Shojo John\"],\"creator\":\"Door43 World Missions Community\",\"description\":\"A basic Bible lexicon that provides transl"
Door43-Catalog	as_ulb	Bible	"{\"checking\":{\"checking_entity\":[\"Rev. Tarun Singha\"],\"checking_level\":\"3\"},\"comment\":\"\",\"contributor\":[\"Ajit Kumar Singha\",\"Antoney Raj\",\"Basanta Kumar Sarma\",\"Cdr. Thomas Mathew\",\"Dr. Bobby Chellappan\",\"Hinal Prakash\",\"Jobby Prasannan\",\"Jumi Devi\",\"Kanika"
Door43-Catalog	as_irv	Aligned Bible	"{\"checking\":{\"checking_entity\":[\"BCS\",\"Dr. Bobby Chellappan\"],\"checking_level\":\"3\"},\"comment\":\"\",\"contributor\":[\"Acsah Jacob\",\"Dr. Bobby Chellappan\",\"Dr. Joseph Jekab\",\"Hind Prakash\",\"Jinu Jacob\",\"Vipin Bhadran\"],\"creator\":\"Door43 World Missions Community\""
Door43-Catalog	as_obs-tq	OBS Translation Questions	"{\"checking\":{\"checking_entity\":[\"Dr. Bobby Chellappan\",\"BCS\"],\"checking_level\":\"3\"},\"comment\":\"\",\"contributor\":[\"Dr. Bobby Chellappan\",\"Vipin Bhadran\",\"Dr. Joseph Jekab\",\"Acsah Jacob\",\"Jinu Jacob\",\"Hind Prakash\"],\"creator\":\"Door43 World Missions Community\""
Door43-Catalog	as_tq	Translation Questions	"{\"checking\":{\"checking_entity\":[\"Cdr. Thomas Mathew\"],\"checking_level\":\"3\"},\"comment\":\"\",\"contributor\":[\"Antoney Raj\",\"BCS\",\"Cdr. Thomas Mathew\",\"Dr. Bobby Chellappan\",\"Hinal Prakash\",\"Shojo John\"],\"creator\":\"Door43 World Missions Community\",\"description\":"
Door43-Catalog	as_ta	Translation Academy	"{\"checking\":{\"checking_entity\":[\"BCS\"],\"checking_level\":\"3\"},\"comment\":\"\",\"contributor\":[\"Acsah Jacob\",\"Dr. Bobby Chellappan\",\"Dr. Joseph Jekab\",\"Hind Prakash\",\"Jinu Jacob\",\"Vipin Bhadran\"],\"creator\":\"Door43 World Missions Community\",\"description\":\"A modul"
Door43-Catalog	apd_tw	Translation Words	"{\"checking\":{\"checking_entity\":[\"unfoldingWord\"],\"checking_level\":\"3\"},\"comment\":\"\",\"contributor\":[],\"creator\":\"GRA\",\"description\":\"A basic Bible lexicon that provides translators with clear, concise definitions and translation suggestions for every import"
Door43-Catalog	apd_obs	Open Bible Stories	"{\"checking\":{\"checking_entity\":[\"Pastor Thomas Tut\",\"Pastor Tut Kony\",\"Pastor Dominic Fabiano\",\"Pastor Henry\"],\"checking_level\":\"1\"},\"comment\":\"\",\"contributor\":[\"Abakar\",\"Adil\",\"Bukhari\",\"Garan\",\"Hanan\",\"Ibrahim\",\"James\",\"Joshua\",\"Kori\",\"Leon\",\"Narik\",\"Ner"
Door43-Catalog	apd_obs-tn	OBS Translation Notes	"{\"checking\":{\"checking_entity\":[\"unfoldingWord\"],\"checking_level\":\"3\"},\"comment\":\"\",\"contributor\":[],\"creator\":\"GRA\",\"description\":\"Open-licensed exegetical notes that provide historical, cultural, and linguistic information for translators. It provides tr"
Door43-Catalog	vi_udb	Bible	"{\"checking\":{\"checking_entity\":[\"Sue\"],\"checking_level\":\"3\"},\"comment\":\"\",\"contributor\":[\"Huynh Ngoc Man\",\"Sue\",\"Xu\",\"VGM\"],\"creator\":\"Door43 World Missions Community\",\"description\":\"An unrestricted literal Bible\",\"formats\":[{\"format\":\"application/zip; typ"
Door43-Catalog	vi_ulb	Bible	"{\"checking\":{\"checking_entity\":[\"Tri M Dang\",\"Vietnamese translation team\"],\"checking_level\":\"3\"},\"comment\":\"\",\"contributor\":[\"Tri M Dang\",\"VGM - Vietnamese translation team\"],\"creator\":\"Door43 World Missions Community\",\"description\":\"An unrestricted liter"
Door43-Catalog	vi_tw	Translation Words	"{\"checking\":{\"checking_entity\":[\"Tri M Dang\",\"VGM - Vietnamese translation team\"],\"checking_level\":\"3\"},\"comment\":\"\",\"contributor\":[\"Tri M Dang\",\"VGM - Vietnamese translation team\"],\"creator\":\"Door43 World Missions Community\",\"description\":\"A basic Bible l"
Door43-Catalog	vi_glt	Aligned Bible	"{\"checking\":{\"checking_entity\":[\"Tri Dang\"],\"checking_level\":\"3\"},\"comment\":\"\",\"contributor\":[\"VGM\"],\"creator\":\"Door43 World Missions Community\",\"description\":\"An open-licensed translation, intended to provide a 'form-centric' understanding of the Bible. I"
Door43-Catalog	vi_tq	Translation Questions	"{\"checking\":{\"checking_entity\":[\"Tri M Dang\"],\"checking_level\":\"3\"},\"comment\":\"\",\"contributor\":[\"Tri M Dang\",\"VGM Vietnamese translation team\"],\"creator\":\"Door43 World Missions Community\",\"description\":\"Comprehension questions for checking Bible translatio"
Door43-Catalog	vi_obs	Open Bible Stories	"{\"checking\":{\"checking_entity\":[\"not specified\"],\"checking_level\":\"3\"},\"comment\":\"\",\"contributor\":[\"Joseph\",\"Huong\",\"Panda\",\"Arthur\",\"Samuel\"],\"creator\":\"Door43 World Missions Community\",\"description\":\"Open Bible Stories\",\"formats\":[{\"format\":\"application/"
Door43-Catalog	vi_tn	Translation Notes	"{\"checking\":{\"checking_entity\":[\"Tri M Dang\"],\"checking_level\":3},\"comment\":\"\",\"contributor\":[\"Tri M Dang\",\"VGM Vietnamese translation team\"],\"creator\":\"Door43 World Missions Community\",\"description\":\"Notes to help translators of the Bible\",\"formats\":[{\"fo"
Door43-Catalog	ha_obs	Open Bible Stories	"{\"checking\":{\"checking_entity\":[\"Alakirawa\",\"Dabere\",\"Dacuhus Timothy Danjuma\",\"Danjuma Alfred H\",\"Dr. Aichatou Moustapha A.M. Johnson\",\"Evang Hediza Naohammed\",\"Ezekiel Dabere Mwarak\",\"Gideon\",\"Kiash Dachung Butus\",\"Nadaki M. Philip\",\"Paul\",\"Rebecca\",\"Rev"
Door43-Catalog	ha_ulb	Bible	"{\"checking\":{\"checking_entity\":[\"Dacuhus Timothy Danjuma\",\"Euang Hediza Naohammed\",\"Kiash Dachung Butus\",\"Nadaki M. Philip\",\"Rev. Ayuba Taiba\",\"Rev. Cain Yusuf Daniel\",\"Rev. Dalhatu Dambo Ayuba\",\"Rev. Dr. Tambanya Yahaya\",\"Rev. Dr. Yakubu Hassan\",\"Rev. Han"
Door43-Catalog	el-x-koine_tisch	Greek New Testament	"{\"checking\":{\"checking_entity\":[\"Ulrik Sandborg-Petersen\",\"eBible.org\"],\"checking_level\":\"3\"},\"comment\":\"\",\"contributor\":[\"eBible.org\",\"Clint Yale\",\"Dr. Maurice A. Robinson\",\"Ulrik Sandborg-Petersen\",\"Door43 World Missions Community\"],\"creator\":\"Door43 Wor"
Door43-Catalog	el-x-koine_ugnt	Greek New Testament	"{\"checking\":{\"checking_entity\":[\"unfoldingWord\"],\"checking_level\":\"3\"},\"comment\":\"\",\"contributor\":[\"Jesse Griffin (BA Biblical Studies, Liberty University; MA Biblical Languages, Gordon-Conwell Theological Seminary)\",\"Todd L. Price (BA Biblical Languages, "
Door43-Catalog	el-x-koine_stv	Bible	"{\"checking\":{\"checking_entity\":[\"Dr. Maurice A. Robinson\",\"William G. Pierpont\",\"Scriptorium\"],\"checking_level\":\"3\"},\"comment\":\"\",\"contributor\":[\"Scriptorium\",\"Dr. Maurice A. Robinson\",\"Door43 World Missions Community\"],\"creator\":\"Door43 World Missions Com"
Door43-Catalog	el-x-koine_maj-rp	Greek New Testament	"{\"checking\":{\"checking_entity\":[\"Dr. Maurice A. Robinson\",\"William G. Pierpont\",\"eBible.org\"],\"checking_level\":\"3\"},\"comment\":\"\",\"contributor\":[\"eBible.org\",\"Dr. Maurice A. Robinson\",\"William G. Pierpont\",\"Door43 World Missions Community\"],\"creator\":\"Door4"
Door43-Catalog	el-x-koine_trs	Bible	"{\"checking\":{\"checking_entity\":[\"Dr. Maurice A. Robinson\",\"William G. Pierpont\",\"Scriptorium\"],\"checking_level\":\"3\"},\"comment\":\"\",\"contributor\":[\"Scriptorium\",\"Dr. Maurice A. Robinson\",\"Door43 World Missions Community\"],\"creator\":\"Door43 World Missions Com"
Door43-Catalog	pa_obs-tn	OBS Translation Notes	"{\"checking\":{\"checking_entity\":[\"Bishop Aroon Kumar Das (ECI, Batala)\",\"Rev. George Stephen (IPC, Moga)\",\"Rev. Mannadey Bhatti (EFI, Raikot)\",\"Rev. Wilson Shah (Methodist Church, Ludhiana)\"],\"checking_level\":\"3\"},\"comment\":\"\",\"contributor\":[\"Manpreet Singh"
Door43-Catalog	pa_ta	Translation Academy	"{\"checking\":{\"checking_entity\":[\"BCS\"],\"checking_level\":\"3\"},\"comment\":\"\",\"contributor\":[\"Acsah Jacob\",\"Dr. Bobby Chellappan\",\"Hind Prakash\",\"Jinu Jacob\",\"Dr. Joseph Jekab\",\"Vipin Bhadran\"],\"creator\":\"Door43 World Missions Community\",\"description\":\"A modul"
Door43-Catalog	pa_obs-tq	OBS Translation Questions	"{\"checking\":{\"checking_entity\":[\"Bishop Aroon Kumar Das (ECI, Batala)\",\"Rev. George Stephen (IPC, Moga)\",\"Rev. Mannadey Bhatti (EFI, Raikot)\",\"Rev. Wilson Shah (Methodist Church, Ludhiana)\"],\"checking_level\":\"3\"},\"comment\":\"\",\"contributor\":[\"Manpreet Singh"
Door43-Catalog	pa_tw	Translation Words	"{\"checking\":{\"checking_entity\":[\"Cdr. Thomas Mathew\",\"BCS\"],\"checking_level\":\"3\"},\"comment\":\"\",\"contributor\":[\"Cdr. Thomas Mathew\",\"Dr. Bobby Chellappan\",\"Hind Prakash\",\"Shojo John\"],\"creator\":\"Door43 World Missions Community\",\"description\":\"A basic Bible "
Door43-Catalog	pa_ulb	Bible	"{\"checking\":{\"checking_entity\":[\"Manpreet Sing (version 1)\",\"Cdr. Thomas Mathew\",\"Joshy Kurien\",\"BCS\"],\"checking_level\":\"3\"},\"comment\":\"\",\"contributor\":[\"K. C. Thomas (version 1)\",\"Jasgir Singh (version 1)\",\"Charles Hans (version 1)\",\"Paramjeet Kaur (versi"
Door43-Catalog	pa_obs	Open Bible Stories	"{\"checking\":{\"checking_entity\":[\"BCS\",\"Bishop Aroon Kumar Das (ECI, Batala)\",\"Rev. George Stephen (IPC, Moga)\",\"Rev. Mannadey Bhatti (EFI, Raikot)\",\"Rev. Wilson Shah (Methodist Church, Ludhiana)\"],\"checking_level\":\"3\"},\"comment\":\"\",\"contributor\":[\"Antoney "
Door43-Catalog	pa_tq	Translation Questions	"{\"checking\":{\"checking_entity\":[\"Joshy Kurien\"],\"checking_level\":2},\"comment\":\"\",\"contributor\":[\"Manpreet Singh\",\"Shojo John\"],\"creator\":\"Door43 World Missions Community\",\"description\":\"Comprehension questions for checking Bible translations\",\"formats\":[{\""
Door43-Catalog	pa_tn	Translation Notes	"{\"checking\":{\"checking_entity\":[\"Joshy Kurien\"],\"checking_level\":\"3\"},\"comment\":\"\",\"contributor\":[\"Manpreet Singh\",\"Shojo John\"],\"creator\":\"Door43 World Missions Community\",\"description\":\"Notes to help translators of the Bible\",\"formats\":[{\"format\":\"applic"
Door43-Catalog	pa_irv	Aligned Bible	"{\"checking\":{\"checking_entity\":[\"Dr. Bobby Chellappan\",\"BCS\"],\"checking_level\":\"3\"},\"comment\":\"\",\"contributor\":[\"Acsah Jacob\",\"Antoney Raj\",\"Cdr. Thomas Mathew\",\"Dr. Bobby Chellappan\",\"Dr. Joseph Jekab\",\"Hind Prakash\",\"Jinu Jacob\",\"Shojo John\",\"Sibaji Diga"
Door43-Catalog	kbp_ulb	Bible	"{\"checking\":{\"checking_entity\":[\"Translation team\"],\"checking_level\":\"1\"},\"comment\":\"\",\"contributor\":[\"ALEDI HEZOUWE\",\"AZA ESSODINA S.\",\"SIMNAPOUSSO ESSOSSIMNA\",\"LANDA JONAS\",\"LAKOUWALA HODABALO\",\"LAKOUWALA SOMIE A.\",\"POSSIKE JOSUE\",\"TCHOYOU EYADEWA\",\"PERE"
Door43-Catalog	ee_ulb	Bible	"{\"checking\":{\"checking_entity\":[\"Translation team\"],\"checking_level\":\"1\"},\"comment\":\"\",\"contributor\":[\"GAVI  K.  kodzo Agbeko\",\"GNAGBLODJO A. HONORE\",\"SEMANOU Alelua Komlanvi\",\"DOBOU Kofi Mawufé\",\"NYALETEY K. PROSPER\",\"HOSUNUKPE KOSSI PIERRE\",\"FANMONDJI KO"
Door43-Catalog	shu_obs	Open Bible Stories	"{\"checking\":{\"checking_entity\":[\"PCET\",\"Pastor Mbairareou Andre\",\"Pastor Hisseine Dagache\",\"Pastor Galli Yokou Deko\",\"Ismael Hamdan\",\"Djimet Ali Josias\"],\"checking_level\":\"3\"},\"comment\":\"\",\"contributor\":[\"Abdoulaye Aboubakar\",\"Djamal Adam\",\"Kagmbede Ndinga"
Door43-Catalog	zh_cuv	Bible	"{\"checking\":{\"checking_entity\":[],\"checking_level\":\"3\"},\"comment\":\"Chinese Union Version with New Punctuation (simplified), USFM source from https://ebible.org/find/details.php?id=cmn-cu89s&all=1\",\"contributor\":[],\"creator\":\"\",\"description\":\"The Bible in C"
Door43-Catalog	kn_obs-tn	OBS Translation Notes	"{\"checking\":{\"checking_entity\":[\"Dr. Bobby Chellappan\",\"BCS\"],\"checking_level\":\"3\"},\"comment\":\"\",\"contributor\":[\"Dr. Bobby Chellappan\",\"Vipin Bhadran\",\"Dr. Joseph Jekab\",\"Acsah Jacob\",\"Jinu Jacob\",\"Hind Prakash\"],\"creator\":\"Door43 World Missions Community\""
Door43-Catalog	kn_obs	Open Bible Stories	"{\"checking\":{\"checking_entity\":[\"BCS\",\"Cdr. Thomas Mathew\"],\"checking_level\":\"3\"},\"comment\":\"\",\"contributor\":[\"Acsah Jacob\",\"Antoney Raj\",\"Cdr. Thomas Mathew\",\"Hind Prakash\",\"Shojo John\"],\"creator\":\"Door43 World Missions Community\",\"description\":\"50 key st"
Door43-Catalog	kn_obs-tq	OBS Translation Questions	"{\"checking\":{\"checking_entity\":[\"Dr. Bobby Chellappan\",\"BCS\"],\"checking_level\":\"3\"},\"comment\":\"\",\"contributor\":[\"Dr. Bobby Chellappan\",\"Vipin Bhadran\",\"Dr. Joseph Jekab\",\"Acsah Jacob\",\"Jinu Jacob\",\"Hind Prakash\"],\"creator\":\"Door43 World Missions Community\""
Door43-Catalog	kn_glt	Aligned Bible	"{\"checking\":{\"checking_entity\":[\"BCS\"],\"checking_level\":\"3\"},\"comment\":\"\",\"contributor\":[\"Acash Jacob\",\"Antoney Raj\",\"Cdr. Thomas Mathew\",\"Dr. Bobby Chellappan\",\"Hind Prakash\",\"Jinu Jacob\",\"Shojo John\",\"Vipin Bhadran\"],\"creator\":\"Door43 World Missions Comm"
Door43-Catalog	kn_ta	Translation Academy	"{\"checking\":{\"checking_entity\":[\"BCS\"],\"checking_level\":\"3\"},\"comment\":\"\",\"contributor\":[\"Acash Jacob\",\"Dr. Bobby Chllappan\",\"Dr. Joseph Jekab\",\"Hind Prakash\",\"Jinu Jacob\",\"Vipin Bhadran\"],\"creator\":\"Door43 World Missions Community\",\"description\":\"A modula"
Door43-Catalog	kn_iev	Aligned Bible	"{\"checking\":{\"checking_entity\":[\"BCS\"],\"checking_level\":\"3\"},\"comment\":\"\",\"contributor\":[\"Acsah Jacob\",\"Cdr. Thomas Mathew\",\"Dr. Bobby Chellappan\",\"Hind Prakash\",\"Jinu Jacob\",\"Joseph Jekab\",\"Vipin Bhadran\"],\"creator\":\"Door43 World Missions Community\",\"desc"
Door43-Catalog	kn_gst	Aligned Bible	"{\"checking\":{\"checking_entity\":[\"BCS\"],\"checking_level\":\"3\"},\"comment\":\"\",\"contributor\":[\"Acsah Jacob\",\"Dr. Bobby Chellappan\",\"Hind Prakash\",\"Jinu Jacob\",\"Vipin Bhadran\"],\"creator\":\"Door43 World Missions Community\",\"description\":\"Kannada GST\",\"formats\":[{\""
Door43-Catalog	kn_ulb	Bible	"{\"checking\":{\"checking_entity\":[\"BCS\",\"Cdr. Thomas Mathew\",\"Dr. Bobby Chellappan\",\"Pastor Naveen Daniel Ezra\"],\"checking_level\":\"3\"},\"comment\":\"\",\"contributor\":[\"Acsah Jacob\",\"Antoney Raj\",\"Cdr. Thomas Mathew\",\"Dr. Bobby Chellappan\",\"Euince\",\"Geetha C Sila"
Door43-Catalog	kn_ust	Aligned Bible	"{\"checking\":{\"checking_entity\":[\"BCS\"],\"checking_level\":\"3\"},\"comment\":\"\",\"contributor\":[\"Acsah Jacob\",\"Cdr. Thomas Mathew\",\"Dr. Bobby Chellappan\",\"Hind Prakash\",\"Jinu Jacob\",\"Joseph Jekab\",\"Vipin Bhadran\"],\"creator\":\"Door43 World Missions Community\",\"desc"
Door43-Catalog	kn_irv	Aligned Bible	"{\"checking\":{\"checking_entity\":[\"BCS\",\"Dr. Bobby Chellappan\"],\"checking_level\":\"3\"},\"comment\":\"\",\"contributor\":[\"Acsah Jacob\",\"Antoney Raj\",\"Cdr. Thomas Mathew\",\"Dr. Bobby Chellappan\",\"Hind Prakash\",\"Shojo John\",\"Vipin Bhadran\"],\"creator\":\"Door43 World Mis"
Door43-Catalog	kn_tq	Translation Questions	"{\"checking\":{\"checking_entity\":[\"BCS\",\"Dr. Bobby Chellappan\",\"Pastor Naveen Ezra Daniel\"],\"checking_level\":\"3\"},\"comment\":\"\",\"contributor\":[\"Acsah Jacob\",\"Dr. Bobby Chellappan\",\"Hind Prakash\",\"Jinu Jacob\",\"SP Vishswanath\",\"Shojo John\",\"Vipin Bhadran\"],\"cre"
Door43-Catalog	kn_tn	TSV Translation Notes	"{\"checking\":{\"checking_entity\":[\"Dr. Bobby Chellappan\",\"BCS\"],\"checking_level\":\"3\"},\"comment\":\"\",\"contributor\":[\"Acsah Jacob\",\"Dr. Bobby Chellappan\",\"Dr. Joseph Jekab\",\"Hind Prakash\",\"Jinu Jacob\",\"Vipin Bhadran\"],\"creator\":\"Door43 World Missions Community\""
Door43-Catalog	kn_tw	Translation Words	"{\"checking\":{\"checking_entity\":[\"BCS\",\"Cdr. Thomas Mathew\"],\"checking_level\":\"3\"},\"comment\":\"\",\"contributor\":[\"Acsah Jacob\",\"Antoney Raj\",\"Cdr. Thomas Mathew\",\"Dr. Bobby Chellapan\",\"Hind Prakash\",\"Jinu Jacob\",\"M.V. Sunny\",\"Shojo John\",\"Vipin Bhadran\",\"Zips"
Door43-Catalog	id_tw	Translation Words	"{\"checking\":{\"checking_entity\":[\"BTS\"],\"checking_level\":\"3\"},\"comment\":\"\",\"contributor\":[\"Agustin Tabitha\",\"Anggunitha Ambara\",\"Asih Rachmani\",\"Dance Panduwal\",\"Deva Petra Permana\",\"Esra Sitanggang\",\"Eunike Hasiholanda\",\"Happy Christmawan Yusack\",\"Harls Ev"
Door43-Catalog	id_ulb	Bible	"{\"checking\":{\"checking_entity\":[\"Pak George Sunarjo, Consultant\",\"Pak Henry Lantang, Pastor\",\"Pak Jhonson Simatupang, Pastor\",\"Pak John Crosbyantoro , Pastor\",\"Pak Joubest Sumanti, Pastor\",\"Pak Ketut Gede Supartu, Pastor\",\"Pak Max E. I. Tangkudung, Pastor\""
Door43-Catalog	id_tn	Translation Notes	"{\"checking\":{\"checking_entity\":[\"Wycliffe Associates\"],\"checking_level\":\"3\"},\"comment\":\"\",\"contributor\":[\"Abigail Padmasari\",\"Adi Chandra\",\"Agung Pribadi\",\"Agung Siswanto\",\"Agustin Tabitha\",\"Alan Reynaldo Putra\",\"Amanda L\",\"Anggunitha Ambara\",\"Antonius Wah"
Door43-Catalog	id_tq	Translation Questions	"{\"checking\":{\"checking_entity\":[\"BTS\",\"Indonesian Church\"],\"checking_level\":\"3\"},\"comment\":\"\",\"contributor\":[\"Christov Manuhutu\"],\"creator\":\"Door43 World Missions Community\",\"description\":\"Comprehension and theological questions for each chapter of the Bib"
Door43-Catalog	id_ayt	Bible	"{\"checking\":{\"checking_entity\":[\"Yayasan Lembaga SABDA\"],\"checking_level\":\"3\"},\"comment\":\"\",\"contributor\":[\"Yayasan Lembaga SABDA\"],\"creator\":\"Yayasan Lembaga SABDA\",\"description\":\"2016 Open Bible translated by Yayasan Lembaga SABDA, using the Setia approa"
Door43-Catalog	ml_ta	Translation Academy	"{\"checking\":{\"checking_entity\":[\"Dr. Bobby Chellappan\",\"BCS\"],\"checking_level\":\"3\"},\"comment\":\"\",\"contributor\":[\"Acsah Jacob\",\"Dr. Bobby Chellappan\",\"Dr. Joseph Jekab\",\"Hind Prakash\",\"Jinu Jacob\",\"Vipin Bhadran\"],\"creator\":\"Door43 World Missions Community\""
Door43-Catalog	ml_obs-tq	OBS Translation Questions	"{\"checking\":{\"checking_entity\":[\"Hand Prakash\",\"BCS\"],\"checking_level\":\"3\"},\"comment\":\"\",\"contributor\":[\"Acsah Jacob\",\"Hind Prakash\",\"Jinu Jacob\",\"Vipin Bhadran\"],\"creator\":\"Door43 World Missions Community\",\"description\":\"Comprehension and theological ques"
Door43-Catalog	ml_iev	Bible	"{\"checking\":{\"checking_entity\":[\"BCS\"],\"checking_level\":\"3\"},\"comment\":\"\",\"contributor\":[\"Acash Jacob\",\"Dr. Bobby Chellappan\",\"Hind Prakash\",\"Jinu Jacob\",\"Vipin Bhadran\"],\"creator\":\"Door43 World Missions Community\",\"description\":\"\",\"formats\":[{\"format\":\"ap"
Door43-Catalog	ml_obs	Open Bible Stories	"{\"checking\":{\"checking_entity\":[\"BCS\",\"Cdr. Thomas Mathew\"],\"checking_level\":\"3\"},\"comment\":\"\",\"contributor\":[\"Antoney Raj\",\"Cdr. Thomas Mathew\",\"Dr. Bobby Chellappan\",\"Hind Prakash\",\"Shojo John\",\"Vipin Bhadran\"],\"creator\":\"Door43 World Missions Community\""
Door43-Catalog	ml_tw	Translation Words	"{\"checking\":{\"checking_entity\":[\"BCS\",\"Cdr Thomas Mathew\"],\"checking_level\":\"3\"},\"comment\":\"\",\"contributor\":[\"Cdr Thomas Mathew\",\"Hind Prakash\",\"MV Sunny\",\"Vipin Bhadran\"],\"creator\":\"Door43 World Missions Community\",\"description\":\"A basic Bible lexicon tha"
Door43-Catalog	ml_irv	Aligned Bible	"{\"checking\":{\"checking_entity\":[\"BCS\"],\"checking_level\":\"3\"},\"comment\":\"mhb = Holy bible in Malayalam\",\"contributor\":[\"Acsah Jacob\",\"Antoney Raj\",\"Cdr. Thomas Mathew\",\"Dr. Bobby Chellappan\",\"Hind Prakash\",\"Jinu Jacob\",\"Joseph Jekab\",\"Shojo John\",\"Vipin Bha"
Door43-Catalog	ml_obs-tn	OBS Translation Notes	"{\"checking\":{\"checking_entity\":[\"BCS\",\"Dr. Bobby Chellappan\"],\"checking_level\":\"3\"},\"comment\":\"\",\"contributor\":[\"Acsah Jacob\",\"Dr. Bobby Chellappan\",\"Dr. Joseph Jekab\",\"Hind Prakash\",\"Jinu Jacob\",\"Vipin Bhadran\"],\"creator\":\"Door43 World Missions Community\""
Door43-Catalog	ml_tq	Translation Questions	"{\"checking\":{\"checking_entity\":[\"Pastor Suresh\"],\"checking_level\":2},\"comment\":\"\",\"contributor\":[\"Pastor Mon Abraham\",\"Cdr. Thomas Mathew\",\"Jobby Prasannan\",\"Antoney Raj\",\"Shojo John\"],\"creator\":\"Door43 World Missions Community\",\"description\":\"Comprehensio"
Door43-Catalog	ml_tn	TSV Translation Notes	"{\"checking\":{\"checking_entity\":[\"BCS\",\"Cdr. Thomas Mathew\",\"Dr. Bobby Chellappan\"],\"checking_level\":\"3\"},\"comment\":\"\",\"contributor\":[\"Acsah Jacob\",\"Antoney Raj\",\"BCS\",\"Cdr. Thomas Mathew\",\"Dr. Bobby Chellappan\",\"Hind Prakash\",\"Jinu Jacob\",\"Shojo John\",\"Vip"
Door43-Catalog	ml_ulb	Bible	"{\"checking\":{\"checking_entity\":[\"BCS\",\"Cdr. Thomas Mathew\",\"Mathews M Kurian\"],\"checking_level\":\"3\"},\"comment\":\"\",\"contributor\":[\"Alex P John\",\"Antoney Raj\",\"Cdr. Thomas Mathew\",\"Dr. Bobby Chellappan\",\"Hinal Prakash\",\"Laiju K G\",\"Pr. Shibu Kurien\",\"Robin R"
Door43-Catalog	mr_tn	TSV Translation Notes	"{\"checking\":{\"checking_entity\":[\"Amit Aryan\",\"BCS\",\"Cdr Thomas Mathew\",\"Dr. Bobby Chellapan\"],\"checking_level\":\"3\"},\"comment\":\"\",\"contributor\":[\"Acsah Jacob\",\"Antoney Raj\",\"Cdr. Thomas Mathew\",\"Dr. Bobby Chellapan\",\"Dr. Joseph Jekab\",\"Hind Prakash\",\"Jinu J"
Door43-Catalog	mr_tw	Translation Words	"{\"checking\":{\"checking_entity\":[\"BCS\"],\"checking_level\":\"3\"},\"comment\":\"\",\"contributor\":[\"Acsah Jacob\",\"Antoney Raj\",\"Cdr. Thomas Mathew\",\"Dr. Bobby Chellapan\",\"Hind Prakash\",\"Jinu Jacob\",\"MV Sunny\",\"Shojo John\",\"Vipin Bhadran\",\"Zipson George\"],\"creator\":\""
Door43-Catalog	mr_obs-tq	OBS Translation Questions	"{\"checking\":{\"checking_entity\":[\"Kirti Shalmon Dongre (City Of Gates Church, Aurangabad)\",\"Mrs. Ruth Tode (Nazarene Church, Aurangabad)\",\"Sumit Wankhede (Indian Friends Fellowship Church, Akola)\"],\"checking_level\":\"3\"},\"comment\":\"\",\"contributor\":[\"Amit Kum"
Door43-Catalog	mr_irv	Aligned Bible	"{\"checking\":{\"checking_entity\":[\"Dr Bobby Chellappan\",\"BCS\"],\"checking_level\":\"3\"},\"comment\":\"\",\"contributor\":[\"Acsah Jacob\",\"Antoney Raj\",\"Cdr. Thomas Mathew\",\"Dr. Bobby Chellappan\",\"Dr. Joseph Jekab\",\"Hind Prakash\",\"Jinu Jekab\",\"Shojo John\",\"Vipin Bhadra"
Door43-Catalog	mr_ta	Translation Academy	"{\"checking\":{\"checking_entity\":[\"BCS\",\"Dr. Bobby Chellappan\"],\"checking_level\":\"3\"},\"comment\":\"\",\"contributor\":[\"Acash Jacob\",\"Antoney Raj\",\"Cdr Thomas Mathew\",\"Dr Bobby Chellappan\",\"Dr.Joseph Jekab\",\"Hind Prakash\",\"Jinu Jacob\",\"Shojo John\",\"Vipin Bhadran\""
Door43-Catalog	mr_udb	Bible	"{\"checking\":{\"checking_entity\":[\"BCS\",\"Cdr. Thomas Mathew\"],\"checking_level\":\"3\"},\"comment\":\"\",\"contributor\":[\"Antoney Raj\",\"Cdr. Thomas Mathew\",\"Dr. Bobby Chellappan\",\"Dr. Joseph Jekab\",\"Hind Prakash\",\"Shojo John\"],\"creator\":\"Door43 World Missions Communi"
Door43-Catalog	mr_obs	Open Bible Stories	"{\"checking\":{\"checking_entity\":[\"Kirti Shalmon Dongre (City Of Gates Church, Aurangabad)\",\"Mrs. Ruth Tode (Nazarene Church, Aurangabad)\",\"Sumit Wankhede (Indian Friends Fellowship Church, Akola)\"],\"checking_level\":\"3\"},\"comment\":\"\",\"contributor\":[\"Amit Kum"
Door43-Catalog	mr_obs-tn	OBS Translation Notes	"{\"checking\":{\"checking_entity\":[\"Kirti Shalmon Dongre (City Of Gates Church, Aurangabad)\",\"Mrs. Ruth Tode (Nazarene Church, Aurangabad)\",\"Sumit Wankhede (Indian Friends Fellowship Church, Akola)\"],\"checking_level\":\"3\"},\"comment\":\"\",\"contributor\":[\"Amit Kum"
Door43-Catalog	mr_ulb	Bible	"{\"checking\":{\"checking_entity\":[\"BCS\",\"Amit Shankar Aryan\",\"Cdr. Thomas Mathew\"],\"checking_level\":\"3\"},\"comment\":\"mb = Holy Bible in Marathi 1955\",\"contributor\":[\"Annie Nirmal\",\"Antoney Raj\",\"Cdr. Thomas Mathew\",\"Dr. Bobby Chellappan\",\"Hinal Prakash\",\"Shoj"
Door43-Catalog	mr_gst	Aligned Bible	"{\"checking\":{\"checking_entity\":[\"BCS\"],\"checking_level\":\"3\"},\"comment\":\"\",\"contributor\":[\"Acsah Jacob\",\"Dr. Bobby Chellapan\",\"Hind Prakash\",\"Jinu Jacob\",\"Vipin Bhadran\"],\"creator\":\"Door43 World Missions Community\",\"description\":\"\",\"formats\":[{\"format\":\"app"
Door43-Catalog	mr_glt	Aligned Bible	"{\"checking\":{\"checking_entity\":[\"BCS\"],\"checking_level\":\"3\"},\"comment\":\"\",\"contributor\":[\"Acsah Jacob\",\"Dr. Bobby Chellapan\",\"Hind Prakash\",\"Jinu Jacob\",\"Vipin Bhadran\"],\"creator\":\"Door43 World Missions Community\",\"description\":\"\",\"formats\":[{\"format\":\"app"
Door43-Catalog	mr_tq	Translation Questions	"{\"checking\":{\"checking_entity\":[\"Amit Aryan\",\"BCS\"],\"checking_level\":\"3\"},\"comment\":\"\",\"contributor\":[\"Acsah Jacob\",\"Hind Prakash\",\"Jinu Jacob\",\"Shojo John\",\"Vipin Bhadran\"],\"creator\":\"Door43 World Missions Community\",\"description\":\"Comprehension questions"
Door43-Catalog	bn_obs-tn	OBS Translation Notes	"{\"checking\":{\"checking_entity\":[\"BCS\",\"Dilip Kumar Ghosh (ECI)\",\"Sourav Roy (Presbyterian Church)\",\"Swapna Biswas (CNI Church)\"],\"checking_level\":\"3\"},\"comment\":\"\",\"contributor\":[\"Ayan Kumar Ghosh\",\"BCS\"],\"creator\":\"Door43 World Missions Community\",\"descri"
Door43-Catalog	bn_tn	TSV Translation Notes	"{\"checking\":{\"checking_entity\":[\"Dr. Bobby Chellappan\",\"Pastor Ayan Ghosh\"],\"checking_level\":\"3\"},\"comment\":\"\",\"contributor\":[\"Acsah Jacob\",\"Dr. Bobby Chellappan\",\"Hind Prakash\",\"Jinu Jacob\",\"Sanjay Chakroborty\",\"Shojo John\",\"Vipin Bhadran\"],\"creator\":\"Doo"
Door43-Catalog	bn_ta	Translation Academy	"{\"checking\":{\"checking_entity\":[\"unfoldingWord\"],\"checking_level\":\"3\"},\"comment\":\"\",\"contributor\":[\"Acsah Jacob\",\"Dr. Bobby Chellappan\",\"Dr. Joseph Jekab\",\"Hind Prakash\",\"Jinu Jacob\",\"Vipin Bhadran\"],\"creator\":\"Door43 World Missions Community\",\"description"
Door43-Catalog	bn_irv	Aligned Bible	"{\"checking\":{\"checking_entity\":[\"BCS\",\"Dr. Bobby Chellappan\"],\"checking_level\":\"3\"},\"comment\":\"\",\"contributor\":[\"Acsah Jacob\",\"Antoney Raj\",\"Cdr. Thomas Mathew\",\"Dr. Bobby Chellappan\",\"Dr. Joseph Jekab\",\"Hind Prakash\",\"Jinu Jacob\",\"Shojo John\",\"Vipin Bhadr"
Door43-Catalog	bn_obs	Open Bible Stories	"{\"checking\":{\"checking_entity\":[\"Dilip Kumar Ghosh (ECI)\",\"Sourav Roy (Presbyterian Church)\",\"Swapna Biswas (CNI Church)\"],\"checking_level\":\"3\"},\"comment\":\"\",\"contributor\":[\"Ayan Kumar Ghosh\",\"Merlyn Easa\",\"Shojo John\"],\"creator\":\"Door43 World Missions Com"
Door43-Catalog	bn_ulb	Bible	"{\"checking\":{\"checking_entity\":[\"Pastor Ayan Kumar Ghosh\",\"Cdr. Thomas Mathew\"],\"checking_level\":\"3\"},\"comment\":\"\",\"contributor\":[\"Antoney Raj\",\"Bidhan Chandra Baulia\",\"Cdr. Thomas Mathew\",\"Dr. Bobby Chellappan\",\"Hinal Prakash\",\"Jobby Prasannan\",\"Merlyn Ea"
Door43-Catalog	bn_tq	Translation Questions	"{\"checking\":{\"checking_entity\":[\"Pastor Ayan Ghosh\"],\"checking_level\":\"3\"},\"comment\":\"\",\"contributor\":[\"Bidhan Chandra Baulia\",\"Shojo John\"],\"creator\":\"Door43 World Missions Community\",\"description\":\"Comprehension questions for checking Bible translations\""
Door43-Catalog	bn_tw	Translation Words	"{\"checking\":{\"checking_entity\":[\"BCS\",\"Cdr. Thomas Mathew\"],\"checking_level\":\"3\"},\"comment\":\"\",\"contributor\":[\"Antoney Raj\",\"Cdr. Thomas Mathew\",\"Dr. Bobby Chellappan\",\"Shojo John\"],\"creator\":\"Door43 World Missions Community\",\"description\":\"A basic Bible l"
Door43-Catalog	bn_obs-tq	OBS Translation Questions	"{\"checking\":{\"checking_entity\":[\"BCS\",\"Dilip Kumar Ghosh (ECI)\",\"Sourav Roy (Presbyterian Church)\",\"Swapna Biswas (CNI Church)\"],\"checking_level\":\"3\"},\"comment\":\"\",\"contributor\":[\"Ayan Kumar Ghosh\",\"BCS\"],\"creator\":\"Door43 World Missions Community\",\"descri"
Door43-Catalog	sr-Latn_stf	Bible	"{\"checking\":{\"checking_entity\":[\"Public domain Bible in use since 1934\"],\"checking_level\":\"3\"},\"comment\":\"Public domain, originally published in 1934\",\"contributor\":[\"Dr. Dimitrija Stefanović\"],\"creator\":\"Door43 World Missions Community\",\"description\":\"\",\""
Door43-Catalog	sr-Latn_obs	Open Bible Stories	"{\"checking\":{\"checking_entity\":[\"Todd L. Price, PhD (Roma Bible Translation Team coordinator)\"],\"checking_level\":\"3\"},\"comment\":\"\",\"contributor\":[\"Sergej Radošević\",\"Miroslav Balint-Feudvarski\",\"Ivana Balint-Feudvarski\",\"Goran Saitović\",\"Nadjija Selimović\""
Door43-Catalog	sr-Latn_dkl	Bible	"{\"checking\":{\"checking_entity\":[\"Britansko i Inostrano Biblijsko Društvo (British and Foreign Bible Society)\",\"Belgrade\",\"1870\"],\"checking_level\":\"3\"},\"comment\":\"Public Domain, source downloaded from www.unboundbible.org\",\"contributor\":[\"Ðuro Danicic (OT)\""
Door43-Catalog	rmy-x-vg_obs	Open Bible Stories	"{\"checking\":{\"checking_entity\":[\"Todd L. Price, PhD (Roma Bible Translation Team coordinator)\"],\"checking_level\":\"3\"},\"comment\":\"\",\"contributor\":[\"Goran Saitović\",\"Nadjija Selimović\"],\"creator\":\"Door43 World Missions Community\",\"description\":\"Unrestricted "
Door43-Catalog	tdj_obs	Open Bible Stories	"{\"checking\":{\"checking_entity\":[\"Luke Samoff,  Translation Consultant\",\"Pastor Elisabeth Tindarani\",\"Elder Paulus Timpolu\"],\"checking_level\":\"3\"},\"comment\":\"\",\"contributor\":[\"Alexander Timboko\",\"Toni Lumpet\",\"Ramlin Solangka\",\"Yosan Timboko\",\"Anton Djahand"
Door43-Catalog	lpx_obs	Open Bible Stories	"{\"checking\":{\"checking_entity\":[\"Translators\"],\"checking_level\":\"1\"},\"comment\":\"\",\"contributor\":[\"John Kerim Fabiano\",\"Ahatar Paul Gilbert\",\"Achaha Samuel\",\"Valentio Ladu Koro\",\"Lopit Bible Translators\",\"Rev. Tito Abaha Oturo\",\"Kerim\",\"John Ojasi\"],\"creato"
Door43-Catalog	lpx_ulb	Bible	"{\"checking\":{\"checking_entity\":[\"Translation Team\"],\"checking_level\":\"1\"},\"comment\":\"\",\"contributor\":[\"Okiya/John Kerim Fabiano\",\"Beshir/Henry\",\"Loye/Achaha Samuel Nartisio\",\"Modi/Valentino Ladu Koro\",\"Ohitai/Philip Oriho Odingo\",\"Iranga/Tito Abaha Oturo\","
Door43-Catalog	ylb_obs	Open Bible Stories	"{\"checking\":{\"checking_entity\":[\"Translation team\"],\"checking_level\":\"1\"},\"comment\":\"\",\"contributor\":[\"Door43 World Missions Community\"],\"creator\":\"Door43 World Missions Community\",\"description\":\"50 key stories of the Bible, from Creation to Revelation, fo"
Door43-Catalog	rmy-x-vwa_obs	Open Bible Stories	"{\"checking\":{\"checking_entity\":[\"Todd L. Price, PhD (Roma Bible Translation Team coordinator)\"],\"checking_level\":\"3\"},\"comment\":\"\",\"contributor\":[\"Saša Bakić\",\"Kada Saitović\"],\"creator\":\"Door32 World Missions Community\",\"description\":\"Unrestricted visual B"
Door43-Catalog	ceb_udb	Bible	"{\"checking\":{\"checking_entity\":[\"Kim Eviola\",\"Rachel Lindongan\",\"Linda Bernardino\",\"Noel Sulatan\",\"Gem Lalaan\",\"Aquilino De La Cruz\"],\"checking_level\":\"3\"},\"comment\":\"\",\"contributor\":[\"GemFox\",\"Jeffrey\",\"Johanna\",\"Junette\",\"Benny\",\"Racquel\"],\"creator\":\"Doo"
Door43-Catalog	ceb_obs	Open Bible Stories	"{\"checking\":{\"checking_entity\":[\"WP\"],\"checking_level\":\"1\"},\"comment\":\"\",\"contributor\":[\"Honey Chiong\",\"Bong Lumawan\",\"Marth Atab\",\"Tano Emboc\"],\"creator\":\"Door43 World Missions Community\",\"description\":\"OPEN BIBLE STORIES\",\"formats\":[{\"format\":\"applicatio"
Door43-Catalog	ceb_tw	Translation Words	"{\"checking\":{\"checking_entity\":[\"Agdahan, Alexander\",\"Ang, Ptr. Dennis\",\"Antiquesa, Ptr. John\",\"Balindong, Ernilyn\",\"Eli, Rev Elpidio\",\"Emboc, Tano\",\"Guinita, Charity\",\"Lasquite, Ptr. Darryl\",\"Leparto, Divine Grace\",\"Lumasay, Ptr. Romeo\",\"Lumimpa, Ptr. Ash"
Door43-Catalog	ceb_tn	Translation Notes	"{\"checking\":{\"checking_entity\":[\"Agdahan, Alexander\",\"Ang, Ptr. Dennis\",\"Antiquesa, Ptr. John\",\"Balindong, Ernilyn\",\"Eli, Rev Elpidio\",\"Emboc, Tano\",\"Guinita, Charity\",\"Lasquite, Ptr. Darryl\",\"Leparto, Divine Grace\",\"Lumasay, Ptr. Romeo\",\"Lumimpa, Ptr. Ash"
Door43-Catalog	ceb_tq	Translation Questions	"{\"checking\":{\"checking_entity\":[\"Agdahan, Alexander\",\"Ang, Ptr. Dennis\",\"Antiquesa, Ptr. John\",\"Balindong, Ernilyn\",\"Eli, Rev Elpidio\",\"Emboc, Tano\",\"Guinita, Charity\",\"Lasquite, Ptr. Darryl\",\"Leparto, Divine Grace\",\"Lumasay, Ptr. Romeo\",\"Lumimpa, Ptr. Ash"
Door43-Catalog	ceb_ulb	Bible	"{\"checking\":{\"checking_entity\":[\"Kim Eviola\",\"Rachel Lindongan\",\"Linda Bernardino\",\"Noel Sulatan\",\"Gem Lalaan\",\"Aquilino De La Cruz\",\"Wycliffe Philippines\"],\"checking_level\":\"3\"},\"comment\":\"\",\"contributor\":[\"Aida Espelita\",\"Aira Amaran\",\"Alma Mae Llorca\",\""
Door43-Catalog	ilo_obs-tq	OBS Translation Questions	"{\"checking\":{\"checking_entity\":[\"Ambrocio A. Dat-ay\",\"Arlyn D. Fianza\",\"Bernard Serquina\",\"Bernie Abarquez\",\"David Castillo\",\"Delfin Asis\",\"Euhler Evangelista\",\"Grace Delos Santos\",\"Jhon Alicay\",\"Jhon Sibayan\",\"Jomar N. Puclalay\",\"Jonathan D. Castillo\",\"Jo"
Door43-Catalog	ilo_tw	Translation Words	"{\"checking\":{\"checking_entity\":[\"Ambrocio A. Dat-ay\",\"Arlyn D. Fianza\",\"Bernard Serquina\",\"Bernie Abarquez\",\"David Castillo\",\"Delfin Asis\",\"Euhler Evangelista\",\"Grace Delos Santos\",\"Jhon Alicay\",\"Jhon Sibayan\",\"Jomar N. Puclalay\",\"Jonathan D. Castillo\",\"Jo"
Door43-Catalog	ilo_tq	Translation Questions	"{\"checking\":{\"checking_entity\":[\"Ambrocio A. Dat-ay\",\"Arlyn D. Fianza\",\"Bernard Serquina\",\"Bernie Abarquez\",\"David Castillo\",\"Delfin Asis\",\"Euhler Evangelista\",\"Grace Delos Santos\",\"Jhon Alicay\",\"Jhon Sibayan\",\"Jomar N. Puclalay\",\"Jonathan D. Castillo\",\"Jo"
Door43-Catalog	ilo_tn	Translation Notes	"{\"checking\":{\"checking_entity\":[\"Ambrocio A. Dat-ay\",\"Arlyn D. Fianza\",\"Bernard Serquina\",\"Bernie Abarquez\",\"David Castillo\",\"Delfin Asis\",\"Euhler Evangelista\",\"Grace Delos Santos\",\"Jhon Alicay\",\"Jhon Sibayan\",\"Jomar N. Puclalay\",\"Jonathan D. Castillo\",\"Jo"
Door43-Catalog	ilo_ulb	Bible	"{\"checking\":{\"checking_entity\":[\"Ambrocio A. Dat-ay\",\"Arlyn D. Fianza\",\"Bernard Serquina\",\"Bernie Abarquez\",\"David Castillo\",\"Delfin Asis\",\"Euhler Evangelista\",\"Grace Delos Santos\",\"Jhon Alicay\",\"Jhon Sibayan\",\"Jomar N. Puclalay\",\"Jonathan D. Castillo\",\"Jo"
Door43-Catalog	gaj-x-ymnk_obs	Open Bible Stories	"{\"checking\":{\"checking_entity\":[\"Translation team\"],\"checking_level\":\"1\"},\"comment\":\"\",\"contributor\":[\"Jack Ulndama\",\"Kenneth Norabate\",\"Steven Pikus\",\"Misson Ayabe\",\"Kennedy Berola\",\"Nason Timi\",\"Muntera Noka\",\"Yasu Opune\"],\"creator\":\"Door43 World Mission"
Door43-Catalog	las_ulb	Bible	"{\"checking\":{\"checking_entity\":[\"Translation team\"],\"checking_level\":\"1\"},\"comment\":\"\",\"contributor\":[\"NDAO JOEL\",\"ADJALITE PIERRE\",\"AHOUE ASSEHAME\",\"SEKRESSE JONAS\",\"KOUNTA ELIZABETH\",\"YEMSO MELANIE\",\"KPANGO KPARO\",\"DIOTEMBA KPESSOU\",\"TCHASSI DIEUDONNE\",\""
Door43-Catalog	hna_ulb	Bible	"{\"checking\":{\"checking_entity\":[\"Translation team\"],\"checking_level\":\"1\"},\"comment\":\"\",\"contributor\":[\"ASSIGNAGE KOFFI\",\"AKAKPO GAMELI\",\"YOVO FOLLY GEORGES D.\",\"SESSIE A. ESTHER\",\"AMENOUNVE K. ROMAIN\",\"WILSON-BAHUN LASSEY\",\"DOGBEH-AGBO ISRAEL\",\"AMENOUNVE  "
Door43-Catalog	or_tn	TSV Translation Notes	"{\"checking\":{\"checking_entity\":[\"BCS\",\"Cdr. Thomas Mathew\",\"Dr. Bobby Chellapan\",\"Dr. Charles Lakra\"],\"checking_level\":\"3\"},\"comment\":\"\",\"contributor\":[\"Acsah Jacob\",\"Ashok Kumar\",\"Cdr. Thomas Mathew\",\"Dr. Bobby Chellapan\",\"Dr. Joseph Jekab\",\"Hind Prakash\""
Door43-Catalog	or_obs	Open Bible Stories	"{\"checking\":{\"checking_entity\":[\"Rev. Ayub Chhinchani\",\"Rev Amiya Kumar Sahu\",\"Rev. Chittaranjan Nayak\"],\"checking_level\":\"3\"},\"comment\":\"\",\"contributor\":[\"Ashok Kumar Kar\",\"Bobby Chellappan\",\"Cdr. Thomas Mathew\",\"Charles Lakhra\",\"Feba Jacob\",\"Hinal Prakas"
Door43-Catalog	or_tw	Translation Words	"{\"checking\":{\"checking_entity\":[\"BCS\"],\"checking_level\":\"3\"},\"comment\":\"\",\"contributor\":[\"Acash Jacob\",\"Antoney Raj\",\"Cdr. Thomas Mathew\",\"Dr. Bobby Chellappan\",\"Hind Prakash\",\"Jinu Jacob\",\"Shojo John\",\"MV Sunny\",\"Vipin Bhadran\",\"Zipson George\"],\"creator\":"
Door43-Catalog	or_ta	Translation Academy	"{\"checking\":{\"checking_entity\":[\"BCS\",\"Dr. Bobby Chellappan\"],\"checking_level\":\"3\"},\"comment\":\"\",\"contributor\":[\"Acsah Jacob\",\"Antoney Raj\",\"Dr. Bobby Chellappan\",\"Dr. Joseph Jekab\",\"Hind Prakash\",\"Jinu Jacob\",\"Shojo John\",\"Vipin Bhadran\"],\"creator\":\"Door4"
Door43-Catalog	or_irv	Bible	"{\"checking\":{\"checking_entity\":[\"BCS\"],\"checking_level\":\"3\"},\"comment\":\"\",\"contributor\":[\"Acash Jacob\",\"Dr. Bobby Chellappan\",\"Hind Prakash\",\"Vipin Bhadran\"],\"creator\":\"Door43 World Missions Community\",\"description\":\"\",\"formats\":[{\"format\":\"application/zip"
Door43-Catalog	or_ulb	Bible	"{\"checking\":{\"checking_entity\":[\"Cdr. Thomas Mathew\",\"Dr. Charles Lakra\",\"BCS\"],\"checking_level\":\"3\"},\"comment\":\"\",\"contributor\":[\"Antoney Raj\",\"Ashok Kumar Kar\",\"Cdr. Thomas Mathew\",\"Dr. Bobby Chellappan\",\"Hind Prakash\",\"Jibanta Kandha\",\"Jitendra Kumar Pr"
Door43-Catalog	or_obs-tn	OBS Translation Notes	"{\"checking\":{\"checking_entity\":[\"Rev. Ayub Chhinchani\",\"Rev Amiya Kumar Sahu\",\"Rev. Chittaranjan Nayak\"],\"checking_level\":\"3\"},\"comment\":\"\",\"contributor\":[\"Ashok Kumar Kar\",\"Bobby Chellappan\",\"Cdr. Thomas Mathew\",\"Charles Lakhra\",\"Feba Jacob\",\"Hinal Prakas"
Door43-Catalog	or_udb	Bible	"{\"checking\":{\"checking_entity\":[\"Cdr. Thomas Mathew\",\"BCS\"],\"checking_level\":\"3\"},\"comment\":\"\",\"contributor\":[\"Cdr. Thomas Mathew\",\"Dr. Bobby Chellappan\",\"Hind Prakash\",\"Shojo John\",\"Door43 World Missions Community\"],\"creator\":\"Door43 World Missions Commun"
Door43-Catalog	or_obs-tq	OBS Translation Questions	"{\"checking\":{\"checking_entity\":[\"Rev. Ayub Chhinchani\",\"Rev Amiya Kumar Sahu\",\"Rev. Chittaranjan Nayak\"],\"checking_level\":\"3\"},\"comment\":\"\",\"contributor\":[\"Ashok Kumar Kar\",\"Bobby Chellappan\",\"Cdr. Thomas Mathew\",\"Charles Lakhra\",\"Feba Jacob\",\"Hinal Prakas"
Door43-Catalog	or_tq	Translation Questions	"{\"checking\":{\"checking_entity\":[\"BCS\",\"Cdr. Thomas Mathew\",\"Dr Charles Lakra\"],\"checking_level\":\"3\"},\"comment\":\"\",\"contributor\":[\"Acsah Jacob\",\"Ashok Kumar\",\"Cdr. Thomas Mathew\",\"Dr. Bobby Chellapan\",\"Hind Prakash\",\"Jinu Jacob\",\"Rinu John\",\"Shojo John\",\"Vi"
Door43-Catalog	or_glt	Aligned Bible	"{\"checking\":{\"checking_entity\":[\"BCS\"],\"checking_level\":\"3\"},\"comment\":\"\",\"contributor\":[\"Acsah Jacob\",\"Dr. Bobby Chellapan\",\"Hind Prakash\",\"Jinu Jacob\",\"Vipin Bhadran\"],\"creator\":\"Door43 World Missions Community\",\"description\":\"\",\"formats\":[{\"format\":\"app"
Door43-Catalog	or_gst	Aligned Bible	"{\"checking\":{\"checking_entity\":[\"BCS\"],\"checking_level\":\"3\"},\"comment\":\"\",\"contributor\":[\"Acsah Jacob\",\"Dr. Bobby Chellapan\",\"Hind Prakash\",\"Jinu Jacob\",\"Vipin Bhadran\"],\"creator\":\"Door43 World Missions Community\",\"description\":\"\",\"formats\":[{\"format\":\"app"
Door43-Catalog	hr_ta	Translation Academy	"{\"checking\":{\"checking_entity\":[\"Todd L. Price, PhD, Roma Bible Translation Team coordinator\",\"Pioneers\"],\"checking_level\":\"3\"},\"comment\":\"\",\"contributor\":[\"Ivana Balint-Feudvarski\",\"Miroslav Balint-Feudvarski\",\"Joy Hill\"],\"creator\":\"Door43 World Missions "
Door43-Catalog	hr_obs	Open Bible Stories	"{\"checking\":{\"checking_entity\":[\"Todd L. Price, PhD, Roma Bible Translation Team Coordinator, Pioneers\"],\"checking_level\":\"3\"},\"comment\":\"\",\"contributor\":[\"Ivana Balint-Feudvarski\",\"Miroslav Balint-Feudvarski\",\"Sergej Radošević\",\"Todd Price\"],\"creator\":\"Do"
Door43-Catalog	hr_tq	Translation Questions	"{\"checking\":{\"checking_entity\":[\"Daniel Kenneth Mackenzie\",\"Lidija Mackenzie Radić\",\"Maja Seguin\",\"Todd L. Price, PhD, Roma Bible Translation Team coordinator\"],\"checking_level\":\"3\"},\"comment\":\"\",\"contributor\":[\"Daniel Kenneth Mackenzie\",\"Lidija Mackenzie "
Door43-Catalog	hr_ulb	Bible	"{\"checking\":{\"checking_entity\":[\"Public domain Bible in use since 1942\"],\"checking_level\":\"3\"},\"comment\":\"Public domain, originally published in 1942\",\"contributor\":[\"Ivan Evanđelist Šarić\"],\"creator\":\"Door43 World Missions Community\",\"description\":\"\",\"for"
Door43-Catalog	hr_tw	Translation Words	"{\"checking\":{\"checking_entity\":[\"Todd L. Price, PhD\",\"Pioneers\",\"Roma Bible Translation Team \"],\"checking_level\":\"3\"},\"comment\":\"\",\"contributor\":[\"Ivana Balint-Feudvarski\",\"Miroslav Balint-Feudvarski\"],\"creator\":\"Door43 World Missions Community\",\"descripti"
Door43-Catalog	hr_tn	Translation Notes	"{\"checking\":{\"checking_entity\":[\"Todd L. Price, PhD, Roma Bible Translation Team coordinator\",\"Pioneers\"],\"checking_level\":\"3\"},\"comment\":\"\",\"contributor\":[\"Ivana Balint-Feudvarski\",\"Maja Seguin\",\"Miroslav Balint-Feudvarski\",\"Sergej Radošević\",\"Todd L. Pri"
Door43-Catalog	hr_obs-tn	OBS Translation Notes	"{\"checking\":{\"checking_entity\":[\"Todd L. Price, PhD (Roma Bible Translation Team coordinator, Pioneers)\"],\"checking_level\":\"3\"},\"comment\":\"\",\"contributor\":[\"Ivana Balint-Feudvarski\",\"Maja Seguin\"],\"creator\":\"Door43 World Missions Community\",\"description\":\""
Door43-Catalog	tpi_obs	Open Bible Stories	"{\"checking\":{\"checking_entity\":[\"Pastor Jonathan Iswe\",\"Pastor Ben Wane\",\"Pastor Tonny Evina\",\"Pastor Philip Sesni Sokas\",\"Pastor Willie\",\"Pastor Wakes\"],\"checking_level\":\"3\"},\"comment\":\"\",\"contributor\":[\"Mambu Aki\",\"Titus Gamudze\",\"Tom Hadzata\",\"Steven Tr"
Door43-Catalog	plt_tq	Translation Questions	"{\"checking\":{\"checking_entity\":[\"RATSIMBAJAONA Rija\"],\"checking_level\":\"3\"},\"comment\":\"\",\"contributor\":[\"MINO Arivony\",\"MALALARITRENA Tolotriniaina\",\"NASANDRATRINIAVO Prince Jhonatan\",\"RABARINOELY Tolojanahary Tafitaharivelo\",\"RAKOTOMALALA Njakatiana Eric\""
Door43-Catalog	plt_ulb	Bible	"{\"checking\":{\"checking_entity\":[\"RATSIMBAJAONA Rija\"],\"checking_level\":\"3\"},\"comment\":\"\",\"contributor\":[\"MINO Arivony\",\"MALALARITRENA Tolotriniaina\",\"NASANDRATRINIAVO Prince Jhonatan\",\"RABARINOELY Tolojanahary Tafitaharivelo\",\"RAKOTOMALALA Njakatiana Eric\""
Door43-Catalog	plt_tw	Translation Words	"{\"checking\":{\"checking_entity\":[\"RATSIMBAJAONA Rija\"],\"checking_level\":\"3\"},\"comment\":\"\",\"contributor\":[\"MALALARITRENA Tolotriniaina\",\"MINO Arivony\",\"NASANDRATRINIAVO Prince Jhonatan\",\"RABARINOELY Tolojanahary Tafitaharivelo\",\"RAKOTOMALALA Njakatiana Eric\""
Door43-Catalog	ar_nav	Bible	"{\"checking\":{\"checking_entity\":[\"Biblica\"],\"checking_level\":\"3\"},\"comment\":\"\",\"contributor\":[\"Biblica\"],\"creator\":\"Biblica\",\"description\":\"\",\"formats\":[{\"format\":\"application/zip; type=bundle content=text/usfm conformsto=rc0.2\",\"modified\":\"2019-05-17T18:25"
Door43-Catalog	ar_avd	Bible	"{\"checking\":{\"checking_entity\":[\"Syrian Mission\",\"American Bible Society\"],\"checking_level\":\"3\"},\"comment\":\"Original source text\",\"contributor\":[\"Eli Smith\",\"Cornelius Van Allen Van Dyck\",\"Nasif al Yaziji\",\"Boutros al Bustani\",\"Yusuf al-Asir\"],\"creator\":\"D"
Door43-Catalog	fa_opv	Bible	"{\"checking\":{\"checking_entity\":[\"Robert Bruce\"],\"checking_level\":\"3\"},\"comment\":\"The Old Persian Translation\",\"contributor\":[\"Henry Martyn\",\"Mirza Seyed Alikhane\",\"William Glen\",\"Mirza Mohammad Jafar Shirazi\"],\"creator\":\"Henry Martyn\",\"description\":\"The Ol"
Door43-Catalog	fa_obs	Open Bible Stories	"{\"checking\":{\"checking_entity\":[\"tarifi\",\"sardan\",\"razy\",\"marokhi\",\"sharvari\",\"parpour\",\"rebaz\",\"shaei\",\"morchi\"],\"checking_level\":\"2\"},\"comment\":\"\",\"contributor\":[\"morchi\",\"marokhi\",\"mozari\",\"razy\",\"shaei\",\"marpour\",\"parpour\",\"sardan\",\"marnia\",\"rebaz\",\"ta"
Door43-Catalog	am_ulb	Bible	"{\"checking\":{\"checking_entity\":[\"Dr. Woyta Woza\",\"Getachew Yohannes\",\"Worku Ejere\",\"Girma Getahun\",\"Simon Zekewos\"],\"checking_level\":\"3\"},\"comment\":\"\",\"contributor\":[\"Abera Wolde\",\"Andarge Arega\",\"Barnabas\",\"Burje Duro\",\"Dagmawi Wube\",\"Daniel\",\"Dereje\",\"De"
Door43-Catalog	am_obs	Open Bible Stories	"{\"checking\":{\"checking_entity\":[\"L1 IEC\",\"BehailuA | L2 WE\",\"GirmaG\",\"TeferaB | L3 WE\",\"TeferaE\",\"KHEC\",\"Dr.Woyita\"],\"checking_level\":\"3\"},\"comment\":\"\",\"contributor\":[\"GetachewB\",\"TasseK\"],\"creator\":\"Door43 World Missions Community\",\"description\":\"ፈቃድ፡-\",\""
Door43-Catalog	ur_obs	Open Bible Stories	"{\"checking\":{\"checking_entity\":[\"L2: Rev. Sajid Imdad\",\"Ms. Shiza Nazir | L3: Rev. Imran Maqbool\",\"Rev.  Azeem Albert\",\"Rev. Arif Sarraj\",\"Rev. Dr. Peter Calvin\"],\"checking_level\":\"3\"},\"comment\":\"\",\"contributor\":[\"Rev. Nadeem Mukhtar\",\"Rev. Sajid Imdad\",\"M"
Door43-Catalog	gof_obs	Open Bible Stories	"{\"checking\":{\"checking_entity\":[\"TWFTW Ethiopia\"],\"checking_level\":\"1\"},\"comment\":\"\",\"contributor\":[\"Simon Zekewos\",\"Hizkiel Zekarias\",\"Tezera Kafie\"],\"creator\":\"Door43 World Missions Community\",\"description\":\"Open Bible Stories\",\"formats\":[{\"format\":\"appl"
Door43-Catalog	guq_obs	Open Bible Stories	"{\"checking\":{\"checking_entity\":[\"Latinoamericanos En Traduccion Y Alfabetizacion En Paraguay\",\"Letra Paraguay\"],\"checking_level\":\"3\"},\"comment\":\"\",\"contributor\":[\"Luis Tec.\",\"Rafael Amill\",\"Zahir\",\"Mariana Chachupurangi\",\"Higinio Bywangi\",\"Anneliese Schrei"
Door43-Catalog	hmr_obs	Open Bible Stories	"{\"checking\":{\"checking_entity\":[\"Rev. Dr. Lalthankhum Sinate\",\"Vice-President Emeritus\",\"Partnership Mission Society\"],\"checking_level\":\"3\"},\"comment\":\"\",\"contributor\":[\"Bibles For The World\",\"Partnership Publishing House\",\"Rev. Dr. Lalthankhum Sinate\"],\"c"
Door43-Catalog	hu_obs	Open Bible Stories	"{\"checking\":{\"checking_entity\":[\"Translation team\"],\"checking_level\":\"1\"},\"comment\":\"\",\"contributor\":[\"Santa Lidia\",\"Todd Prince\"],\"creator\":\"Door43 World Missions Community\",\"description\":\"an unrestricted visual mini-Bible in any language\",\"formats\":[{\"fo"
Door43-Catalog	hu_kar	Bible	"{\"checking\":{\"checking_entity\":[\"Magyar Biblia Tanács (Hungarian Bible Council)\",\"Budapest 1991 (text is from 1908)\"],\"checking_level\":\"3\"},\"comment\":\"Public Domain, source downloaded from www.unboundbible.org\",\"contributor\":[\"Károli Gáspár\"],\"creator\":\"Do"
Door43-Catalog	rmy-x-vc_obs	Open Bible Stories	"{\"checking\":{\"checking_entity\":[\"Todd L. Price, PhD (Roma Bible Translation Team coordinator)\"],\"checking_level\":\"3\"},\"comment\":\"\",\"contributor\":[\"Biljana Nikolić\",\"Đena Nikolić\"],\"creator\":\"Door43 World Missions Community\",\"description\":\"Unrestricted visu"
Door43-Catalog	lo_obs	Open Bible Stories	"{\"checking\":{\"checking_entity\":[\"Pastor John of 1st Christian Church, etc\"],\"checking_level\":\"3\"},\"comment\":\"\",\"contributor\":[\"Door43 World Missions Community\"],\"creator\":\"Door43 World Missions Community\",\"description\":\"50 key stories of the Bible, from Cr"
Door43-Catalog	hbo_uhb	Hebrew Old Testament	"{\"checking\":{\"checking_entity\":[\"unfoldingWord\"],\"checking_level\":\"3\"},\"comment\":\"\",\"contributor\":[\"Jesse Griffin (BA Biblical Studies, Liberty University; MA Biblical Languages, Gordon-Conwell Theological Seminary)\",\"Perry Oakes (BA Biblical Studies, Tayl"
Door43-Catalog	kpo_ulb	Bible	"{\"checking\":{\"checking_entity\":[\"Translation team\"],\"checking_level\":\"1\"},\"comment\":\"\",\"contributor\":[\"ABOTCHI K. EUGENE\",\"MELEGNADJI KOSSI\",\"TCHALLA YAO M.\",\"SABI KOFFI EDEM\",\"NYADEVA KOKOUVI EDEM\",\"ZOGBEDZI KOSSI A.\",\"ABOTCHI ATTAKOUMA\",\"EDOUTSO YAWOVI L"
Door43-Catalog	tr_obs	Open Bible Stories	"{\"checking\":{\"checking_entity\":[\"translation team\"],\"checking_level\":\"1\"},\"comment\":\"\",\"contributor\":[\"Ivan Pavlii\"],\"creator\":\"Door43 World Missions Community\",\"description\":\"an unrestricted visual mini-Bible in any language\",\"formats\":[{\"format\":\"applica"
Door43-Catalog	rmy-x-bsa_obs	Open Bible Stories	"{\"checking\":{\"checking_entity\":[\"Todd L. Price, PhD (Roma Bible Translation Team coordinator)\"],\"checking_level\":\"3\"},\"comment\":\"\",\"contributor\":[\"Nataša Avdagić\",\"Renata Bogdan\"],\"creator\":\"Door32 World Missions Community\",\"description\":\"Unrestricted visu"
