Project	Modified	wA % Done	wA GL	wA Orig Lang Check Version	tW % Done	tW GL	tW Orig Lang Check Version	tN % Done	tN GL	tN GL Check Version	tN Orig Lang Check Version	Time Created	tC Edit Version	tC Format Version	Project warnings	Project Error		
Aaron.Shryock/en_ult_2jn_book	2022-09-08T17:30:38.064Z	100	en	v0.13	0			0				2020-11-30T21:19:05.831Z	3.0.0	7			
Aaron.Shryock/en_ult_2ti_book	2022-09-08T17:30:38.064Z	100	en	v0.13	0			0				2020-09-19T15:29:16.379Z	3.0.0	7			
Aaron.Shryock/en_ust_1jn_book	2022-09-08T17:30:38.064Z	97	en	v0.13	0			0				2021-02-02T21:19:30.235Z	3.0.0	7			
Aaron.Shryock/en_ust_1ti_book	2022-09-08T17:30:38.064Z	100	en	v0.13	0	en	v0.13	0				2020-09-19T12:17:54.721Z	3.0.0	7			
Aaron.Shryock/en_ust_2jn_book	2022-09-08T17:30:38.064Z	100	en	v0.13	0			0				2020-12-07T18:27:22.921Z	3.0.0	7			
Aaron.Shryock/en_ust_2ti_book	2022-09-08T17:30:38.064Z	23	en	v0.13	0			0				2020-09-19T15:27:41.330Z	3.0.0	7			
ang.west1/en_ult_1ki_book	2022-09-08T17:30:38.064Z	100	en	v2.1.11	0	en	v2.1.11	0				2019-09-25T17:59:35.038Z	2.1.1	7			
ang.west1/en_ult_2ki_book	2022-09-08T17:30:38.064Z	100	en	v2.1.15	0			0				2020-05-28T04:27:33.202Z	3.0.1	7			
ang.west1/en_ult_ecc_book	2022-09-08T17:30:38.064Z	100	en	v2.1.15	0	hi	v2.1.15	0				2021-04-20T20:44:17.947Z	3.0.1	7			
ang.west1/en_ult_est_book	2022-09-08T17:30:38.064Z	100			0			0				2019-04-26T21:48:16.739Z		7			
ang.west1/en_ult_jdg_book	2022-09-08T17:30:38.064Z	99	en		0			0				2019-04-26T21:44:40.966Z	2.0.0	7			
ang.west1/OLDen_ult_1ki_book	2021-12-26T16:00:27.487Z	29	en		0			0				2019-09-25T17:59:35.038Z	2.0.0	7			
avaldizan/en_ult_1ki_book	2022-01-11T15:15:19.768Z	100	en	v2.1.22	0	en	v2.1.15	0				2019-09-25T17:59:35.038Z	3.0.1	7			
avaldizan/en_ult_1pe_book		100	en	v0.24	0			0				2022-03-16T15:56:15.893Z	3.2.0	7			
avaldizan/en_ult_1sa_book	2022-01-11T15:15:19.768Z	100	en	v2.1.15	0	hi		0				2021-01-13T13:20:47.492Z	3.0.1	7			
avaldizan/en_ult_2pe_book	2022-01-11T15:15:19.768Z	100	en	v0.21	0			0				2021-08-17T21:11:03.826Z	3.0.1	7			
avaldizan/en_ult_ezr_book	2022-01-11T15:15:19.768Z	100	en	v2.1.15	0	en	v2.1.15	0	en	v41	v2.1.16	2021-01-22T14:04:15.910Z	3.0.1	7			
avaldizan/en_ult_gen_book	2022-01-11T15:15:19.768Z	99	en	v2.1.15	0	hi	v2.1.14	0				2020-04-09T21:53:05.321Z	3.0.1	7			
avaldizan/en_ult_jhn_book		100	en	v0.24	0			0				2021-11-09T19:56:17.144Z	3.2.0	7			
avaldizan/en_ult_jos_book	2022-01-11T15:15:19.768Z	100	en	v2.1.22	0	en	v2.1.15	0	en	v28	v2.1.12	2019-06-13T15:59:21.446Z	3.0.1	7			
avaldizan/en_ult_jud_book	2022-01-11T15:15:19.768Z	100	en	v0.21	0			0				2021-08-18T15:15:52.685Z	3.0.1	7			
avaldizan/en_ult_lev_book	2022-01-11T15:15:19.768Z	100	en	v2.1.14	0	en	v2.1.11	0				2019-10-17T15:10:02.457Z	3.0.0	7			
avaldizan/en_ult_num_book		100	en	v2.1.22	0	en	v2.1.11	0				2019-10-17T15:11:27.459Z	3.0.1	7			
avaldizan/en_ult_pro_book	2022-01-11T15:15:19.768Z	100	en	v2.1.21	0	hi		0				2021-07-14T14:08:06.375Z	3.0.1	7			
avaldizan/en_ult_rom_book		100	en	v0.27	0			0				2022-08-31T21:14:25.184Z	3.2.0	7			
avaldizan/en_ust_1pe_book		100	en	v0.24	0			0				2022-02-23T17:09:47.802Z	3.2.0	7			
avaldizan/en_ust_2pe_book	2022-01-11T15:15:19.768Z	100	en	v0.21	0			0				2021-08-30T14:55:10.101Z	3.0.1	7			
avaldizan/en_ust_jhn_book		100	en	v0.24	0			0	en	v58	v0.23	2021-11-09T19:55:27.359Z	3.2.0	7			
avaldizan/en_ust_jud_book	2022-01-11T15:15:19.768Z	100	en	v0.21	0			0				2021-07-20T19:43:16.818Z	3.0.1	7			
avaldizan/en_ust_rev_book		97	en	v0.24	0			0	en	v58	v0.23	2022-03-08T19:14:21.215Z	3.2.0	7			
avaldizan/en_ust_rom_book		100	en	v0.27	0			0				2022-02-11T17:30:05.146Z	3.2.0	7			
avaldizantest/en_tesk_3jn_book	2022-09-08T17:30:38.064Z	100	en		0	en		0	en			2020-02-10T18:34:34.391Z	2.1.0	7			
avaldizantest/en_test_3jn_book	2022-09-08T17:30:38.064Z	100	en		0	en		0	en			2020-02-10T18:34:34.391Z	3.0.0	7			
avaldizantest/en_ult_1ti_book	2022-09-08T17:30:38.064Z	100	en	v0.13	0			0	en	v32	v0.13	2020-08-17T22:00:55.554Z	3.0.0	7			
avaldizantest/en_ult_ezr_book	2022-09-08T17:30:38.064Z	100	en	v2.1.12	0	en		0	en			2019-06-13T14:42:13.574Z	2.1.1	7			
avaldizantest/en_ult_gen_book	2022-09-08T17:30:38.064Z	100	en	v2.1.14	0	hi	v2.1.11	0				2020-04-09T21:53:05.321Z	3.0.0	7			
avaldizantest/en_ult_lev_book	2022-09-08T17:30:38.064Z	100	en	v2.1.14	0	en	v2.1.11	0				2019-10-17T15:10:02.457Z	3.0.0	7			
avaldizantest/en_ult_num_book	2022-09-08T17:30:38.064Z	8	en	v2.1.14	0	en	v2.1.14	0				2019-10-17T15:11:27.459Z	3.0.0	7			
avaldizantest/en_ult_num_book_orig	2022-09-08T17:30:38.064Z	8	en	v2.1.14	0	en	v2.1.14	0				2019-10-17T15:11:27.459Z	3.0.0	7			
avaldizantest/en_ulta_num_book	2022-09-08T17:30:38.064Z	8	en	v2.1.14	0	en	v2.1.14	0				2019-10-17T15:11:27.459Z	3.0.0	7			
avaldizantest/en_ultb_1ti_book	2022-09-08T17:30:38.064Z	100	en	v0.13	0			0	en	v32	v0.13	2020-08-17T22:00:55.554Z	3.0.0	7			
avaldizantest/en_ultr_1ti_book	2022-09-08T17:30:38.064Z	100	en	v0.13	0			0	en	v32	v0.13	2020-08-17T22:00:55.554Z	3.0.0	7			
avaldizantest/en_ults_neh_book	2022-09-08T17:30:38.064Z	98	en	v2.1.12	0	en		0	en	v28	v2.1.12	2019-04-26T21:47:08.489Z	3.0.0	7			
bcameron93/en_ult_2sa_book		100	en	v2.1.29	0			0				2022-09-05T13:29:54.314Z	3.3.0	7			
bcameron93/en_ult_ecc_book		100	en	v2.1.29	0	en	v2.1.27	0				2022-07-07T16:29:40.339Z	3.3.0	7			
bcameron93/en_ult_sng_book		100	en	v2.1.29	0			0				2022-05-10T15:22:33.968Z	3.3.0	7			
benjore/en_abc_tit_book	2022-09-08T17:30:38.064Z	96			5			0				2018-09-04T18:57:06.810Z		6			
benjore/en_abcd_tit_book	2022-09-08T17:30:38.064Z	83			5			3				2019-01-31T14:32:25.031Z		7			
benjore/en_foo_mrk_book	2022-09-08T17:30:38.064Z	100			0			0				2019-03-20T15:10:55.018Z		7			
benjore/en_qaa_1pe_book	2022-09-08T17:30:38.064Z	99			0			0				2018-06-20T16:23:42.037Z		6			
benjore/en_ult_1jn_book	2022-09-08T17:30:38.064Z	15			0			0				2018-06-12T18:25:48.180Z		6			
benjore/en_ult_1pe_book	2022-09-08T17:30:38.064Z	100			0			0				2018-06-20T16:23:42.037Z		7			
benjore/en_ult_act_book	2022-09-08T17:30:38.064Z	100			0			0				2018-06-08T20:16:01.266Z		7			
benjore/en_ult_phm_book	2022-09-08T17:30:38.064Z	100			0			0				2019-02-08T15:37:34.910Z		7			
benjore/en_ult_rev_book	2022-09-08T17:30:38.064Z	100			0			0				2019-06-13T15:54:18.611Z	1.1.4	7			
benjore/en_ult_rut_book	2022-09-08T17:30:38.064Z	49			0			0				2019-02-08T19:11:20.677Z		7			
benjore/en_ust_tit_book	2022-09-08T17:30:38.064Z	98			2			0				2019-01-30T19:48:39.425Z		7			
benjore/en_usta_mrk_book	2022-09-08T17:30:38.064Z	98			0			0				2018-08-10T19:37:09.499Z		7			
benjore/en_ustb_mrk_book	2022-09-08T17:30:38.064Z	98			0			0				2018-08-10T19:37:09.499Z	1.1.4	7			
benjore/en_web_mrk_book	2022-09-08T17:30:38.064Z	3			1			0				2019-05-13T17:52:03.693Z		7			
birch/en_kjv_1ti_book	2022-09-08T17:30:38.064Z	1	en	v0.21	0			2	en	v52	v0.21	2021-06-23T12:31:29.838Z	3.0.1	7			
birch/en_web_mrk_book	2022-09-08T17:30:38.064Z	3			1			0				2019-05-13T17:52:03.693Z		7			
bspidel/en_ult_jon_book	2022-09-08T17:30:38.064Z	100	en		88	en		75	en			2019-06-13T15:08:30.339Z	2.0.0	7	duplicate tn migrations found, unmatched tn checks found, 		
bspidel/en_ult_rut_book	2022-09-08T17:30:38.064Z	100	en		96	en		74	en			2019-06-11T19:35:14.527Z	2.0.0	7	unmatched tn checks found, 		
bspidel/en_ust_jon_book	2022-09-08T17:30:38.064Z	100	en		88	en		79	en			2019-08-07T21:26:41.233Z	2.0.0	7	duplicate tn migrations found, unmatched tn checks found, 		
bspidel/en_ust_rut_book	2022-09-08T17:30:38.064Z	96	en		88	en		68	en			2019-08-07T19:18:34.776Z	2.0.0	7	unmatched tn checks found, 		
christopherrsmith/en_ult_1jn_book	2022-09-08T17:30:38.064Z	100	en	v0.14	0			0				2021-01-08T14:00:47.006Z	3.0.1	7			
christopherrsmith/en_ult_1ti_book	2022-09-08T17:30:38.064Z	100	en	v0.13	0	en	v0.13	0				2020-09-19T15:28:31.027Z	3.0.0	7			
christopherrsmith/en_ult_2jn_book	2022-09-08T17:30:38.064Z	100	en	v0.14	0			0				2020-11-30T21:19:05.831Z	3.0.1	7			
christopherrsmith/en_ult_2ti_book	2022-09-08T17:30:38.064Z	7	en	v0.13	0			0				2020-09-19T15:29:16.379Z	3.0.0	7			
christopherrsmith/en_ult_act_book		100	en	v0.29	0			0				2022-04-11T13:36:20.574Z	3.3.0	7			
christopherrsmith/en_ult_act_book_old	2022-09-08T17:30:38.064Z	100	en	v0.14	0			0				2021-06-16T20:27:11.935Z	3.0.1	7			
christopherrsmith/en_ult_act_book_older		100	en	v0.14	0			0				2021-08-27T12:28:50.546Z	3.0.1	7			
christopherrsmith/en_ult_jas_book	2022-09-08T17:30:38.064Z	100	en	v0.14	0			0				2021-04-27T09:29:43.771Z	3.0.1	7			
christopherrsmith/en_ult_luk_book	2022-09-08T17:30:38.064Z	100	en	v0.14	0			0				2020-12-29T14:41:07.782Z	3.0.1	7			
christopherrsmith/en_ust_1jn_book	2022-09-08T17:30:38.064Z	100	en	v0.14	0			0				2021-04-05T12:48:36.323Z	3.0.1	7			
christopherrsmith/en_ust_1ti_book	2022-09-08T17:30:38.064Z	99	en	v0.13	0	en	v0.13	0				2020-09-19T12:17:54.721Z	3.0.0	7			
christopherrsmith/en_ust_2jn_book	2022-09-08T17:30:38.064Z	100	en	v0.14	0			0				2020-12-07T18:27:22.921Z	3.0.1	7			
christopherrsmith/en_ust_2ti_book	2022-09-08T17:30:38.064Z	100	en	v0.13	0			0				2020-09-19T15:27:41.330Z	3.0.0	7			
christopherrsmith/en_ust_act_book		99	en	v0.29	0			0				2021-06-18T15:40:12.043Z	3.3.0	7			
christopherrsmith/en_ust_est_book	2022-09-08T17:30:38.064Z	100	en	v2.1.12	0	en		0				2019-05-01T21:20:30.728Z	2.1.1	7			
christopherrsmith/en_ust_ezr_book	2022-09-08T17:30:38.064Z	100	en	v2.1.15	0	en		0	en	v28	v2.1.12	2019-05-01T21:12:26.890Z	3.0.1	7			
christopherrsmith/en_ust_jas_book	2022-09-08T17:30:38.064Z	100	en	v0.14	0			0				2021-04-28T10:37:39.335Z	3.0.1	7			
christopherrsmith/en_ust_luk_book	2022-09-08T17:30:38.064Z	100	en	v0.14	0	en	v0.12	0	en	v32	v0.13	2020-02-05T22:13:43.796Z	3.0.1	7			
christopherrsmith/en_ust_neh_book	2022-09-08T17:30:38.064Z	100	en	v2.1.12	0	en		0	en	v26	v2.1.11	2019-05-01T21:19:04.817Z	2.1.1	7			
christopherrsmith/en_ust_oba_book	2022-09-08T17:30:38.064Z	100	en	v2.1.11	0			0	en	v28	v2.1.12	2020-04-16T23:47:19.798Z	2.1.1	7			
Connie/en_kjv_1ti_book	2022-09-08T17:30:38.064Z	1	en	v0.21	0			1	en	v33	v0.14	2021-06-23T12:31:29.838Z	3.0.1	7			
dahutchison/en_jult_1ch_book	2022-09-08T17:30:38.064Z	100	en	v2.1.14	0			0				2019-10-17T14:46:46.397Z	3.0.0	7			
dahutchison/en_ult_1ch_book	2022-09-08T17:30:38.064Z	2	en		0			0				2019-10-17T14:46:46.397Z	2.1.0	7			
dahutchison/en_ult_2ch_book	2022-09-08T17:30:38.064Z	100	en	v2.1.14	0			0				2019-10-17T14:48:34.387Z	3.0.0	7			
dahutchison/en_ust_1ch_book	2022-09-08T17:30:38.064Z	100	en	v2.1.14	0			0				2020-04-19T02:43:19.655Z	3.0.0	7			
dahutchison/en_ust_2ch_book	2022-09-08T17:30:38.064Z	70	en	v2.1.15	0	hi		0				2020-04-19T02:44:30.851Z	3.0.1	7			
dandennison/en_ult_1ki_book	2022-09-08T17:30:38.064Z	8			0			0				2019-05-20T20:22:12.107Z		7			
davisprickett/en_ust_1pe_book	2022-09-08T17:30:38.064Z	98	en	v0.14	0			0				2021-09-24T19:57:49.375Z	3.0.1	7			
davisprickett/en_ust_phm_book	2022-09-08T17:30:38.064Z	100	en	v0.14	0	en	v0.14	0	en	v33	v0.14	2021-06-28T17:30:11.448Z	3.0.1	7			
deferredreward/en_ult_2co_book		100			0			0				2022-06-03T13:32:05.114Z	3.2.0	7			
deferredreward/en_ult_exo_book		99	en	v2.1.23	0			0	en	v56	v2.1.23	2021-07-06T14:58:31.206Z	3.1.0	7			
deferredreward/en_ult_exo_book-pre-s5-to-ts	2022-09-08T17:30:38.064Z	99	en	v2.1.19	0	hi		0				2019-07-18T12:51:05.291Z	3.0.1	7			
deferredreward/en_ust_1jn_book	2022-09-08T17:30:38.064Z	11			0			0				2018-08-01T18:15:32.347Z		7			
deferredreward/en_ust_est_book	2022-09-08T17:30:38.064Z	100	en	v2.1.17	0	en		0	en	v33	v2.1.15	2020-06-16T22:28:31.281Z	3.0.1	7			
deferredreward/en_ust_exo_book		99	en	v2.1.23	0			0	en	v58	v2.1.23	2022-04-01T03:33:16.329Z	3.1.0	7			
deferredreward/en_ust_exo_book-old		99	en	v2.1.23	0			0				2022-02-03T22:07:17.765Z	3.1.0	7			
deferredreward/en_ust_exo_book-pre-s5-to-ts	2022-09-08T17:30:38.064Z	99	en	v2.1.19	0	hi		0				2019-08-05T14:16:59.675Z	3.0.1	7			
deferredreward/en_ust_jon_book	2022-09-08T17:30:38.064Z	100			0			0				2019-06-26T13:22:29.928Z	1.1.4	7			
deferredreward/en_ust_rut_book	2022-09-08T17:30:38.064Z	100			0			0				2019-03-25T14:00:28.724Z	1.1.4	7			
Demsin/en_ust_dan_book	2022-09-08T17:30:38.064Z	99			0			0				2019-07-10T14:47:47.414Z	1.1.4	7			
Demsin/en_ust_est_book	2022-09-08T17:30:38.064Z	97			0			0				2019-05-01T21:20:30.728Z	1.1.4	7			
dougsmith1977/en_doug_gen_book	2022-09-08T17:30:38.064Z	31	en		0			0				2019-07-25T17:47:28.172Z	2.0.0	7			
dpennington/en_ult_lev_book		99	en	v2.1.23	0			0				2022-04-14T17:40:24.956Z	3.1.0	7			
ElsyLambert/en_edt_2ti_book	2022-09-08T17:30:38.064Z	0	en		1	en		1	en	v54	v0.22	2019-06-28T14:37:26.583Z	3.0.2	7			
ElsyLambert/en_loc_luk_book	2022-09-08T17:30:38.064Z	99	en		0			0				2021-11-05T17:33:15.985Z	3.0.2	7			
ElsyLambert/en_new_jon_book	2022-09-08T17:30:38.064Z	0	en		2	en		9	en			2019-12-05T17:05:17.991Z	2.1.0	7	unmatched tn checks found, 		
ElsyLambert/en_new_rev_book	2022-09-08T17:30:38.064Z	100	en		0			0	en			2020-02-10T20:15:39.088Z	3.0.0	7			
ElsyLambert/en_new_tit_book	2022-09-08T17:30:38.064Z	100	en		0	en		0	hi			2019-12-04T15:37:40.679Z	2.1.0	7			
ElsyLambert/en_newl_rev_book	2022-09-08T17:30:38.064Z	100	en		0			0	en			2020-02-10T20:15:39.088Z	2.1.0	7			
ElsyLambert/en_tes_3jn_book	2022-01-11T15:15:19.768Z	100	en		0	en		0	en			2020-02-10T18:34:34.391Z	2.1.0	7			
ElsyLambert/en_tes_tit_book	2022-09-08T17:30:38.064Z	100	en		0	en		0	hi			2019-12-04T15:37:40.679Z	2.1.0	7			
ElsyLambert/en_tesk_3jn_book	2022-09-08T17:30:38.064Z	100	en		0	en		0	en			2020-02-10T18:34:34.391Z	2.1.0	7			
ElsyLambert/en_tesr_3jn_book		100	en		0	en		0	en			2020-02-10T18:34:34.391Z	2.1.0	7			
ElsyLambert/en_tess_3jn_book		100	en		2	ru	vunknown	3	en	v60_Door43-Catalog	v0.24	2020-02-10T18:34:34.391Z	3.2.0	7			
ElsyLambert/en_test_1ti_book	2022-09-08T17:30:38.064Z	98			0			0				2019-05-06T19:43:48.725Z	1.2.0	7			
ElsyLambert/en_test_3jn_book	2022-09-08T17:30:38.064Z	100	en		0	en		0	en			2020-02-10T18:34:34.391Z	2.1.0	7			
ElsyLambert/en_test_rut_book	2022-09-08T17:30:38.064Z	100	en	v2.1.8	79	en	v2.1.8	28	en	v21	v2.1.8	2019-06-11T19:35:14.527Z	2.1.1	7	unmatched tn checks found, 		
ElsyLambert/en_ulb_tit_book	2022-09-08T17:30:38.064Z	0			2			0				2019-06-14T15:30:25.534Z	1.2.0	7			
ElsyLambert/en_ult_2ti_book	2022-09-08T17:30:38.064Z	0	en		1	en		0	en			2019-06-28T14:37:26.583Z	2.0.0	7			
ElsyLambert/en_ult_3jn_book	2022-09-08T17:30:38.064Z	100	en		100	en	v0.13	67	en			2019-08-01T15:14:39.307Z	3.0.0	7			
ElsyLambert/en_ult_jon_book	2022-09-08T17:30:38.064Z	100	en		88	en		54	en			2019-06-13T15:08:30.339Z	2.1.2	7	duplicate tw selections found, duplicate tn migrations found, unmatched tn checks found, 		
ElsyLambert/en_ult_neh_book	2022-09-08T17:30:38.064Z	98	en	v2.1.12	0	en		0	en	v28	v2.1.12	2019-04-26T21:47:08.489Z	2.2.0	7			
ElsyLambert/en_ult_rev_book	2022-09-08T17:30:38.064Z	100			0			0				2019-06-13T15:54:18.611Z	1.2.0	7			
ElsyLambert/en_ult_rut_book	2022-09-08T17:30:38.064Z	99	en		85	en		33	en			2019-06-11T19:35:14.527Z	2.1.0	7	unmatched tn checks found, 		
ElsyLambert/en_ulte_act_book	2022-09-08T17:30:38.064Z	99	en		0	en		0	en			2019-05-23T16:17:13.901Z	2.0.0	7			
ElsyLambert/en_ulte_neh_book	2022-09-08T17:30:38.064Z	98	en	v2.1.12	0	en		0	en	v28	v2.1.12	2019-04-26T21:47:08.489Z	2.2.0	7			
ElsyLambert/en_ultk_3jn_book	2022-09-08T17:30:38.064Z	100	en		100	en		67	en			2019-08-01T15:14:39.307Z	2.2.0	7			
ElsyLambert/en_ultk_rut_book	2022-09-08T17:30:38.064Z	99	en		85	en		33	en			2019-06-11T19:35:14.527Z	2.1.0	7	unmatched tn checks found, 		
ElsyLambert/en_ultl_3jn_book	2022-09-08T17:30:38.064Z	100	en		100	en		67	en			2019-08-01T15:14:39.307Z	2.2.0	7			
ElsyLambert/en_ultn_jon_book	2022-09-08T17:30:38.064Z	100	en		88	en		54	en			2019-06-13T15:08:30.339Z	2.1.2	7	duplicate tw selections found, duplicate tn migrations found, unmatched tn checks found, 		
ElsyLambert/en_ultr_neh_book	2022-09-08T17:30:38.064Z	98	en	v2.1.12	0	en		0	en	v28	v2.1.12	2019-04-26T21:47:08.489Z	3.0.0	7			
ElsyLambert/en_ultt_3jn_book	2022-09-08T17:30:38.064Z	100	en		100	en		67	en			2019-08-01T15:14:39.307Z	3.0.0	7			
ElsyLambert/en_ust_gal_book		14	en	v0.22	0	en	v0.22	1	hi	v47.2_Door43-Catalog	v0.13	2021-07-20T19:41:34.711Z	3.2.0	7			
ElsyLambert/en_ust_tit_book	2022-09-08T17:30:38.064Z	100	en	v0.12	76	en	v0.12	30	en	v28	v0.12	2019-07-08T14:18:07.017Z	2.1.2	7			
ElsyLambert/en_ytty_rev_book	2022-09-08T17:30:38.064Z	100	en		0			0	en			2020-02-10T20:15:39.088Z	2.1.0	7			
ghayden/en_edit_1ti_book	2022-09-08T17:30:38.064Z	0	en		0	en	v0.21	1	en	v54	v0.22	2019-10-09T20:15:48.538Z	3.0.2	7			
ghayden/en_ghdn_jhn_book	2022-09-08T17:30:38.064Z	99	en		0			0	en	v48	v0.20	2021-06-28T17:31:18.504Z	3.0.1	7			
ghayden/en_luk_luk_book	2022-09-08T17:30:38.064Z	1	en		0			0	en	v54	v0.22	2021-11-30T01:17:46.750Z	3.0.1	7			
ghayden/en_luke_luk_book	2022-09-08T17:30:38.064Z	98	en		0			0				2021-11-23T22:04:28.779Z	3.0.2	7			
ghayden/en_test_luk_book	2022-09-08T17:30:38.064Z	100	en		0			0	en	v54	v0.22	2021-11-23T21:35:25.172Z	3.0.1	7			
ghayden/en_ttgh_1ti_book	2022-09-08T17:30:38.064Z	2	en		1	en	v0.13	0	en	v35	v0.15	2018-04-09T15:09:15.364Z	3.0.0	7			
ghayden/en_usl_luk_book	2022-09-08T17:30:38.064Z	98	en		0			0	en	v54	v0.22	2021-11-23T21:42:52.228Z	3.0.1	7			
ghayden/en_ust_luk_book	2022-09-08T17:30:38.064Z	99	en	v0.22	0			0	en	v54	v0.22	2021-09-29T13:49:14.822Z	3.0.2	7			
Grant_Ailie/en_ult_2sa_book	2022-09-08T17:30:38.064Z	100	en	v2.1.21	0	hi		0				2019-07-18T12:52:38.179Z	3.0.1	7			
Grant_Ailie/en_ult_est_book	2022-09-08T17:30:38.064Z	100	en	v2.1.19	0	en	v2.1.15	0	en	v47	v2.1.19	2021-05-26T15:13:57.501Z	3.0.1	7			
Grant_Ailie/en_ult_jer_book	2022-09-08T17:30:38.064Z	38	en		0	hi		0				2021-11-16T01:54:11.864Z	3.0.1	7			
Grant_Ailie/en_ult_neh_book	2022-09-08T17:30:38.064Z	100	en	v2.1.15	0			0	en	v33	v2.1.15	2020-11-24T22:33:01.267Z	3.0.1	7			
Grant_Ailie/en_ult_oba_book	2022-09-08T17:30:38.064Z	100	en	v2.1.15	0	en	v2.1.15	0	en	v33	v2.1.15	2020-11-11T18:28:07.556Z	3.0.1	7			
Grant_Ailie/en_ult_php_book		98	en	v0.22	0			0				2021-08-24T19:13:44.384Z	3.0.1	7			
Grant_Ailie/en_ust_ezr_book	2022-09-08T17:30:38.064Z	100	en	v2.1.15	0			0				2020-12-02T22:56:43.417Z	3.0.1	7			
Grant_Ailie/en_ust_mrk_book		98	en	v0.28	0			0				2022-04-13T13:15:46.281Z	3.2.0	7			
Grant_Ailie/en_ust_oba_book	2022-09-08T17:30:38.064Z	100	en	v2.1.15	0	en	v2.1.15	0	en	v33	v2.1.15	2020-11-19T15:54:36.204Z	3.0.1	7			
Grant_Ailie/en_ust_php_book		97	en	v0.22	0			0				2021-08-20T14:46:20.753Z	3.0.1	7			
JackMessarra/en_ult_amo_book	2022-09-08T17:30:38.064Z	100	en	v2.1.14	0	hi		0				2020-01-09T16:13:10.489Z	3.0.0	7			
JackMessarra/en_ult_deu_book	2022-09-08T17:30:38.064Z	8	en	v2.1.14	0			0				2019-10-17T15:13:14.836Z	3.0.0	7			
JackMessarra/en_ult_psa_book		22	en	v2.1.23	0	hi		0				2019-10-17T15:18:49.891Z	3.1.0	7			
JackMessarra/en_ust_amo_book	2022-09-08T17:30:38.064Z	100	en	v2.1.14	0	hi		0				2020-01-14T23:53:54.567Z	3.0.0	7			
jag3773/en_jult_1ch_book	2022-09-08T17:30:38.064Z	76	en		0			0				2019-10-17T14:46:46.397Z	2.1.0	7			
jag3773/en_ult_1ch_book	2022-09-08T17:30:38.064Z	2	en		0			0				2019-10-17T14:46:46.397Z	2.1.0	7			
jag3773/en_ult_zec_book	2022-09-08T17:30:38.064Z	38	en		0			0				2019-08-21T00:14:06.416Z	2.1.0	7			
jduguid/en_ult_isa_book	2022-09-08T17:30:38.064Z	2	en		0			0				2019-09-19T18:18:45.983Z	2.0.0	7			
jessewharris/en_ult_lam_book	2022-09-08T17:30:38.064Z	100	en	v2.1.14	0	hi		0				2020-08-26T17:44:21.342Z	3.0.0	7			
jessewharris/en_ult_pro_book	2022-09-08T17:30:38.064Z	99	en	v2.1.12	0			0				2019-08-14T20:40:40.717Z	2.1.2	7			
joel/en_algn_tit_book	2022-01-11T15:15:19.768Z	100			1			0				2018-05-10T13:43:12.594Z		7			
joel/en_bad_rut_book	2022-01-11T15:15:19.768Z	57			0			0				2019-02-22T21:59:03.025Z		7			
joel/en_oen_2ti_book	2022-01-11T15:15:19.768Z	99	en		0	en	v0.20	0	en	v32	v0.21	2018-05-08T20:27:21.076Z	3.0.1	7			
joel/en_reg_rut_book	2022-01-11T15:15:19.768Z	100	en	v2.1.12	0	en		0	en			2019-10-17T04:59:39.520Z	3.0.2-alpha	7			
joel/en_ult_mrk_book	2022-01-11T15:15:19.768Z	99	en		0	en		0	en			2019-06-13T15:13:32.782Z	2.1.0	7			
joel/en_ult_rut_book	2022-01-11T15:15:19.768Z	53			0			0				2019-02-08T19:11:20.677Z		7			
joel/en_ust_1sa_book	2022-01-11T15:15:19.768Z	39	en		0			0				2019-09-12T02:30:22.480Z	2.0.0	7			
joeldruark/en_ult_1ch_book	2022-09-08T17:30:38.064Z	100	en	v2.1.13	0			0				2019-10-17T14:46:46.397Z	2.1.2	7			
joeldruark/en_ult_1ki_book	2022-09-08T17:30:38.064Z	100	en	v2.1.11	0	en	v2.1.11	0				2019-09-25T17:59:35.038Z	3.0.0	7			
joeldruark/en_ult_1sa_book	2022-09-08T17:30:38.064Z	100	en	v2.1.15	0	hi		0				2021-01-13T13:20:47.492Z	3.0.1	7			
joeldruark/en_ult_2ch_book	2022-09-08T17:30:38.064Z	100	en	v2.1.13	0			0				2019-10-17T14:48:34.387Z	2.1.2	7			
joeldruark/en_ult_2sa_book	2022-09-08T17:30:38.064Z	100	en	v2.1.15	0	hi		0				2019-07-18T12:52:38.179Z	3.0.1	7			
joeldruark/en_ult_amo_book	2022-09-08T17:30:38.064Z	100	en	v2.1.14	0	hi		0				2020-01-09T16:13:10.489Z	3.0.1	7			
joeldruark/en_ult_deu_book	2022-09-08T17:30:38.064Z	6	en	v2.1.14	0	hi		0				2019-10-17T15:13:14.836Z	3.0.1	7			
joeldruark/en_ult_exo_book	2022-09-08T17:30:38.064Z	99	en		0			0				2019-07-18T12:51:05.291Z	2.1.1	7			
joeldruark/en_ult_ezk_book	2022-09-08T17:30:38.064Z	100	en	v2.1.15	0	hi		0				2020-12-16T14:38:39.454Z	3.0.1	7			
joeldruark/en_ult_ezr_book	2022-09-08T17:30:38.064Z	100	en	v2.1.15	0	en	v2.1.15	0	en	v40	v2.1.16	2021-01-22T14:04:15.910Z	3.0.1	7			
joeldruark/en_ult_gen_book	2022-09-08T17:30:38.064Z	98	en	v2.1.12	0			0				2020-04-09T21:53:05.321Z	2.1.2	7			
joeldruark/en_ult_hab_book	2022-09-08T17:30:38.064Z	98	en		0			0				2019-08-12T16:17:24.693Z	2.1.1	7			
joeldruark/en_ult_hag_book	2022-09-08T17:30:38.064Z	100	en		0			0				2019-10-17T15:25:16.028Z	2.1.1	7			
joeldruark/en_ult_hos_book	2022-09-08T17:30:38.064Z	1	en		0	hi		0				2019-10-17T15:15:27.808Z	3.0.0	7			
joeldruark/en_ult_isa_book	2022-09-08T17:30:38.064Z	2	en		0	hi		0				2019-09-19T18:18:45.983Z	3.0.1	7			
joeldruark/en_ult_jdg_book	2022-09-08T17:30:38.064Z	97	en		0	en		0				2019-04-26T21:44:40.966Z	2.1.1	7			
joeldruark/en_ult_jol_book	2022-09-08T17:30:38.064Z	99	en		0			0	en	v28	v2.1.12	2019-07-29T21:25:12.580Z	2.1.1	7			
joeldruark/en_ult_jon_book	2022-09-08T17:30:38.064Z	100	en	v2.1.12	0	en	v2.1.12	0	en	v28	v2.1.12	2020-03-20T15:24:00.281Z	2.1.1	7			
joeldruark/en_ult_jos_book	2022-09-08T17:30:38.064Z	97	en		0	en		0	en	v28	v2.1.12	2019-06-13T15:59:21.446Z	2.1.1	7			
joeldruark/en_ult_lam_book	2022-09-08T17:30:38.064Z	100	en	v2.1.14	0	hi		0				2020-08-26T17:44:21.342Z	3.0.1	7			
joeldruark/en_ult_lev_book	2022-09-08T17:30:38.064Z	100	en	v2.1.14	0	en	v2.1.11	0				2019-10-17T15:10:02.457Z	3.0.1	7			
joeldruark/en_ult_mic_book	2022-09-08T17:30:38.064Z	46	en		0	hi		0				2019-07-25T16:57:10.793Z	2.1.1	7			
joeldruark/en_ult_nam_book	2022-09-08T17:30:38.064Z	96	en		0			0				2019-08-12T16:16:17.387Z	2.1.1	7			
joeldruark/en_ult_neh_book	2022-09-08T17:30:38.064Z	100	en	v2.1.15	0	en	v2.1.15	0	en	v33	v2.1.15	2020-09-16T17:05:24.005Z	3.0.0	7			
joeldruark/en_ult_oba_book	2022-09-08T17:30:38.064Z	95	en	v2.1.12	0			0	en	v28	v2.1.12	2019-08-12T16:15:04.349Z	2.1.2	7			
joeldruark/en_ult_pro_book	2022-09-08T17:30:38.064Z	99	en	v2.1.12	0			0				2019-08-14T20:40:40.717Z	3.0.0	7			
joeldruark/en_ult_rut_book	2022-09-08T17:30:38.064Z	100	en	v2.1.11	0	en		0	en			2020-03-03T14:26:58.897Z	2.1.1	7			
joeldruark/en_ult_zec_book	2022-09-08T17:30:38.064Z	100	en	v2.1.14	0	hi		0				2019-08-21T00:14:06.416Z	3.0.1	7			
joeldruark/en_ult_zep_book	2022-09-08T17:30:38.064Z	2	en		0			0				2019-08-12T16:18:32.650Z	2.1.1	7			
joeldruark/en_ust_1ch_book	2022-09-08T17:30:38.064Z	4	en		0			0				2020-04-19T02:43:19.655Z	2.1.1	7			
joeldruark/en_ust_1ki_book	2022-09-08T17:30:38.064Z	92	en		0	en		0				2019-06-18T20:22:34.679Z	2.1.1	7			
joeldruark/en_ust_1sa_book	2022-09-08T17:30:38.064Z	94	en		0			0				2019-09-12T02:30:22.480Z	2.1.1	7			
joeldruark/en_ust_2ch_book	2022-09-08T17:30:38.064Z	2	en		0			0				2020-04-19T02:44:30.851Z	2.1.1	7			
joeldruark/en_ust_2ki_book	2022-09-08T17:30:38.064Z	91	en		0			0				2019-07-11T13:56:10.596Z	2.1.1	7			
joeldruark/en_ust_amo_book	2022-09-08T17:30:38.064Z	100	en	v2.1.14	0	hi		0				2020-01-14T23:53:54.567Z	3.0.1	7			
joeldruark/en_ust_dan_book	2022-09-08T17:30:38.064Z	99	en		0			0				2019-07-10T14:47:47.414Z	2.1.1	7			
joeldruark/en_ust_est_book	2022-09-08T17:30:38.064Z	100	en	v2.1.13	0	en		0	en	v30	v2.1.13	2020-06-16T22:28:31.281Z	2.1.2	7			
joeldruark/en_ust_exo_book	2022-09-08T17:30:38.064Z	99	en		0			0				2019-08-05T14:16:59.675Z	2.1.1	7			
joeldruark/en_ust_ezk_book	2022-09-08T17:30:38.064Z	97	en		0			0				2020-04-19T01:29:58.169Z	3.0.0	7			
joeldruark/en_ust_ezr_book	2022-09-08T17:30:38.064Z	100	en	v2.1.15	0	en	v2.1.15	0	en	v40	v2.1.16	2021-01-22T14:10:58.357Z	3.0.1	7			
joeldruark/en_ust_gen_book	2022-09-08T17:30:38.064Z	99	en		0			0				2019-07-25T19:53:07.854Z	2.1.1	7			
joeldruark/en_ust_hab_book	2022-09-08T17:30:38.064Z	98	en		0			0				2019-11-18T17:46:15.795Z	2.1.1	7			
joeldruark/en_ust_hag_book	2022-09-08T17:30:38.064Z	97	en		0			0				2020-04-19T01:22:29.593Z	3.0.0	7			
joeldruark/en_ust_isa_book	2022-09-08T17:30:38.064Z	99	en		0			0				2020-04-19T01:28:41.356Z	3.0.0	7			
joeldruark/en_ust_jdg_book	2022-09-08T17:30:38.064Z	97	en		0	en		0				2019-06-12T21:38:31.827Z	2.1.1	7			
joeldruark/en_ust_jer_book	2022-09-08T17:30:38.064Z	99	en		0			0				2020-04-19T01:31:33.727Z	3.0.0	7			
joeldruark/en_ust_job_book	2022-09-08T17:30:38.064Z	1	en		0			0				2020-04-19T01:27:23.075Z	2.1.1	7			
joeldruark/en_ust_jol_book	2022-09-08T17:30:38.064Z	100	en		0			0	en	v28	v2.1.12	2020-04-19T01:19:01.021Z	3.0.0	7			
joeldruark/en_ust_jon_book	2022-09-08T17:30:38.064Z	98	en	v2.1.12	0			0	en			2020-03-03T14:19:12.007Z	2.1.1	7			
joeldruark/en_ust_jos_book	2022-09-08T17:30:38.064Z	97	en		0	en		0	en	v28	v2.1.12	2019-05-01T21:23:21.766Z	2.1.1	7			
joeldruark/en_ust_lam_book	2022-09-08T17:30:38.064Z	2	en	v2.1.14	0	hi		0				2020-04-19T01:26:19.660Z	3.0.0	7			
joeldruark/en_ust_lev_book	2022-09-08T17:30:38.064Z	96	en		0			0				2019-08-13T16:23:54.774Z	2.1.1	7			
joeldruark/en_ust_mal_book	2022-09-08T17:30:38.064Z	4	en		0	hi		0				2020-04-19T01:17:47.822Z	3.0.0	7			
joeldruark/en_ust_mic_book	2022-09-08T17:30:38.064Z	100	en		0	hi		0				2020-04-15T20:52:27.719Z	3.0.0	7			
joeldruark/en_ust_nam_book	2022-09-08T17:30:38.064Z	100	en		0			0				2020-04-19T01:20:03.108Z	3.0.0	7			
joeldruark/en_ust_neh_book	2022-09-08T17:30:38.064Z	100	en	v2.1.15	0			0	en	v33	v2.1.15	2020-09-19T01:03:21.253Z	3.0.0	7			
joeldruark/en_ust_num_book	2022-09-08T17:30:38.064Z	99	en		0			0				2019-09-04T13:50:47.341Z	2.1.1	7			
joeldruark/en_ust_oba_book	2022-09-08T17:30:38.064Z	100	en	v2.1.12	0			0	en	v28	v2.1.12	2020-04-16T23:47:19.798Z	2.1.2	7			
joeldruark/en_ust_pro_book	2022-09-08T17:30:38.064Z	1	en		0			0				2019-11-20T22:36:49.971Z	3.0.0	7			
joeldruark/en_ust_psa_book	2022-09-08T17:30:38.064Z	99	en		0			0				2020-03-09T22:45:31.109Z	3.0.0	7			
joeldruark/en_ust_rut_book	2022-09-08T17:30:38.064Z	100	en	v2.1.11	0			0	en			2020-03-03T14:22:39.387Z	2.1.1	7			
joeldruark/en_ust_sng_book	2022-09-08T17:30:38.064Z	100	en		0	hi		0				2020-04-19T01:25:18.923Z	3.0.0	7			
joeldruark/en_ust_zec_book	2022-09-08T17:30:38.064Z	1	en		0	hi		0				2020-04-09T05:52:24.782Z	3.0.0	7			
joeldruark/en_ust_zep_book	2022-09-08T17:30:38.064Z	2	en		0			0				2020-04-19T01:21:17.313Z	3.0.0	7			
JustinBoothby/en_ult_jos_book	2022-09-08T17:30:38.064Z	14			0			0				2019-04-26T21:43:16.451Z		7			
katalakay/en_ult_1ki_book	2022-09-08T17:30:38.064Z	100	en	v2.1.14	0	en	v2.1.11	0				2019-09-25T17:59:35.038Z	3.0.0	7			
katalakay/en_ult_1sa_book	2022-09-08T17:30:38.064Z	98	en	v2.1.14	0	hi		0				2021-01-13T13:20:47.492Z	3.0.0	7			
katalakay/en_ult_deu_book	2022-09-08T17:30:38.064Z	100	en	v2.1.14	0	hi		0				2019-10-17T15:13:14.836Z	3.0.0	7			
katalakay/en_ult_exo_book	2022-09-08T17:30:38.064Z	99	en		0			0				2019-07-18T12:51:05.291Z	2.1.0	7			
katalakay/en_ult_ezk_book	2022-09-08T17:30:38.064Z	100	en	v2.1.14	0			0				2020-10-27T19:32:27.945Z	3.0.0	7			
katalakay/en_ult_ezr_book	2022-09-08T17:30:38.064Z	10			0			0				2019-04-26T21:45:55.966Z		7			
katalakay/en_ult_gen_book	2022-09-08T17:30:38.064Z	67	en		0			0				2019-07-18T12:50:19.620Z	2.1.0	7			
katalakay/en_ult_isa_book	2022-09-08T17:30:38.064Z	99	en	v2.1.14	0	hi		0				2019-09-19T18:18:45.983Z	3.0.0	7			
katalakay/en_ult_jer_book		100	en	v2.1.15	0	hi		0				2021-11-16T01:54:11.864Z	3.0.1	7			
katalakay/en_ult_job_book	2022-09-08T17:30:38.064Z	100	en	v2.1.14	0			0				2020-10-05T20:13:51.522Z	3.0.0	7			
katalakay/en_ult_psa_book	2022-09-08T17:30:38.064Z	26	en	v2.1.14	0	hi		0				2021-08-17T21:06:30.427Z	3.0.0	7			
katalakay/en_ult_zec_book	2022-09-08T17:30:38.064Z	100	en	v2.1.14	0			0				2019-08-21T00:14:06.416Z	3.0.0	7			
katalakay/en_ust_1co_book	2022-09-08T17:30:38.064Z	99			0			0				2018-07-31T12:46:13.738Z		6			
katalakay/en_ust_1ki_book	2022-09-08T17:30:38.064Z	99	en	v2.1.14	0	en		0				2019-06-18T20:22:34.679Z	3.0.0	7			
katalakay/en_ust_1pe_book	2022-09-08T17:30:38.064Z	100			0			0				2018-08-09T19:33:38.275Z		7			
katalakay/en_ust_1th_book	2022-09-08T17:30:38.064Z	99			0			0				2018-07-23T12:27:54.669Z		6			
katalakay/en_ust_1ti_book	2022-09-08T17:30:38.064Z	100			0			0				2018-07-14T20:18:50.883Z		6			
katalakay/en_ust_2co_book	2022-09-08T17:30:38.064Z	100			0			0				2018-10-16T01:58:02.061Z		6			
katalakay/en_ust_2jn_book	2022-09-08T17:30:38.064Z	100			0			0				2018-07-31T13:38:25.654Z		7			
katalakay/en_ust_2ki_book	2022-09-08T17:30:38.064Z	99	en	v2.1.14	0			0				2019-07-11T13:56:10.596Z	3.0.0	7			
katalakay/en_ust_2pe_book	2022-09-08T17:30:38.064Z	100			0			0				2018-07-27T15:50:06.067Z		7			
katalakay/en_ust_2th_book	2022-09-08T17:30:38.064Z	100			0			0				2018-07-23T12:28:46.141Z		6			
katalakay/en_ust_2ti_book	2022-09-08T17:30:38.064Z	100			0			0				2018-07-19T13:20:47.224Z		6			
katalakay/en_ust_3jn_book	2022-09-08T17:30:38.064Z	100			0			0				2018-07-31T13:38:59.829Z		7			
katalakay/en_ust_act_book	2022-09-08T17:30:38.064Z	99			0			0				2018-08-21T02:04:21.274Z		7			
katalakay/en_ust_col_book	2022-09-08T17:30:38.064Z	100			0			0				2018-07-25T13:08:02.422Z		7			
katalakay/en_ust_deu_book	2022-09-08T17:30:38.064Z	100	en		0			0				2019-09-25T01:06:47.493Z	2.0.0	7			
katalakay/en_ust_exo_book	2022-09-08T17:30:38.064Z	100	en		0			0				2019-08-05T14:16:59.675Z	2.0.0	7			
katalakay/en_ust_ezk_book	2022-09-08T17:30:38.064Z	99	en		0			0				2020-04-19T01:29:58.169Z	2.1.0	7			
katalakay/en_ust_ezr_book	2022-09-08T17:30:38.064Z	100			0			0				2019-05-01T21:12:26.890Z		7			
katalakay/en_ust_gal_book	2022-09-08T17:30:38.064Z	99			0			0				2018-07-26T15:45:38.472Z		7			
katalakay/en_ust_gen_book	2022-09-08T17:30:38.064Z	99	en		0			0				2019-07-25T19:53:07.854Z	2.1.0	7			
katalakay/en_ust_hab_book	2022-09-08T17:30:38.064Z	100	en		0			0				2019-11-18T17:46:15.795Z	2.0.0	7			
katalakay/en_ust_hag_book	2022-09-08T17:30:38.064Z	97	en		0			0				2020-04-19T01:22:29.593Z	2.1.0	7			
katalakay/en_ust_heb_book	2022-09-08T17:30:38.064Z	99			0			0				2018-10-16T01:58:42.466Z		6			
katalakay/en_ust_isa_book	2022-09-08T17:30:38.064Z	100	en		0			0				2020-04-19T01:28:41.356Z	2.1.0	7			
katalakay/en_ust_jas_book	2022-09-08T17:30:38.064Z	100			0			0				2018-10-16T01:57:04.381Z		7			
katalakay/en_ust_jer_book	2022-09-08T17:30:38.064Z	99	en		0			0				2020-04-19T01:31:33.727Z	2.1.0	7			
katalakay/en_ust_job_book	2022-09-08T17:30:38.064Z	100	en		0			0				2020-04-19T01:27:23.075Z	2.1.0	7			
katalakay/en_ust_jol_book	2022-09-08T17:30:38.064Z	100	en		0			0	en	v28	v2.1.12	2020-04-19T01:19:01.021Z	2.1.0	7			
katalakay/en_ust_jos_book	2022-09-08T17:30:38.064Z	100			0			0				2019-05-01T21:23:21.766Z		7			
katalakay/en_ust_jud_book	2022-09-08T17:30:38.064Z	100			0			0				2018-07-25T20:43:23.945Z		7			
katalakay/en_ust_lam_book	2022-09-08T17:30:38.064Z	100	en		0			0				2020-04-19T01:26:19.660Z	2.1.0	7			
katalakay/en_ust_lev_book	2022-09-08T17:30:38.064Z	97	en		0			0				2019-08-13T16:23:54.774Z	2.0.0	7			
katalakay/en_ust_luk_book	2022-09-08T17:30:38.064Z	99			0			0				2018-08-20T20:19:05.636Z		7			
katalakay/en_ust_mal_book	2022-09-08T17:30:38.064Z	100	en		0	hi		0				2020-04-19T01:17:47.822Z	2.1.0	7			
katalakay/en_ust_mat_book	2022-09-08T17:30:38.064Z	99			0			0				2018-09-04T06:14:05.049Z		7			
katalakay/en_ust_mic_book	2022-09-08T17:30:38.064Z	100	en		0	hi		0				2020-04-15T20:52:27.719Z	2.1.0	7			
katalakay/en_ust_nam_book	2022-09-08T17:30:38.064Z	100	en		0			0				2020-04-19T01:20:03.108Z	2.1.0	7			
katalakay/en_ust_num_book	2022-09-08T17:30:38.064Z	100	en		0			0				2019-09-04T13:50:47.341Z	2.0.0	7			
katalakay/en_ust_php_book	2022-09-08T17:30:38.064Z	100			0			0				2018-07-22T01:13:06.414Z		7			
katalakay/en_ust_pro_book	2022-09-08T17:30:38.064Z	100	en		0			0				2019-11-20T22:36:49.971Z	2.0.0	7			
katalakay/en_ust_psa_book	2022-09-08T17:30:38.064Z	99	en		0			0				2020-03-09T22:45:31.109Z	2.1.0	7			
katalakay/en_ust_rev_book	2022-09-08T17:30:38.064Z	99			0			0				2018-08-13T21:56:29.142Z		7			
katalakay/en_ust_rom_book	2022-09-08T17:30:38.064Z	99			0			0				2018-07-31T16:21:40.549Z		7			
katalakay/en_ust_sng_book	2022-09-08T17:30:38.064Z	100	en		0			0				2020-04-19T01:25:18.923Z	2.1.0	7			
katalakay/en_ust_zec_book	2022-09-08T17:30:38.064Z	99	en		0			0				2020-04-09T05:52:24.782Z	2.1.0	7			
katalakay/en_ust_zep_book	2022-09-08T17:30:38.064Z	100	en		0			0				2020-04-19T01:21:17.313Z	2.1.0	7			
kiranjagdhane17/en_ult_eph_book	2022-09-08T17:30:38.064Z	99	en	v0.14	0			0				2021-08-11T06:47:29.133Z	3.0.1	7			
klnickell/en_ust_1co_book	2022-09-08T17:30:38.064Z	22			0			0				2018-07-31T12:46:13.738Z		6			
klnickell/en_ust_2co_book	2022-09-08T17:30:38.064Z	16			0			0				2018-10-16T01:58:02.061Z		6			
klnickell/en_ust_phm_book	2022-09-08T17:30:38.064Z	96			0			0				2018-07-25T12:26:42.888Z		6			
klnickell/en_ust_rev_book	2022-09-08T17:30:38.064Z	98			0			0				2018-08-13T21:56:29.142Z		7			
laurag/en_ult_2sa_book	2022-09-08T17:30:38.064Z	99	en	v2.1.14	0			0				2019-07-18T12:52:38.179Z	3.0.0	7			
laurag/en_ult_jer_book	2022-09-08T17:30:38.064Z	37	en	v2.1.17	0	hi		0				2020-10-09T01:51:00.466Z	3.0.1	7			
laurag/en_ust_gen_book	2022-09-08T17:30:38.064Z	22	en		0			0				2019-07-25T19:53:07.854Z	2.1.0	7			
lrsallee/en_ult_1ch_book		100	en		0			0				2022-04-14T18:03:51.703Z	3.1.0	7			
lrsallee/en_ult_1co_book	2022-09-08T17:30:38.064Z	100	en	v0.22	42	en	v0.22	0				2021-10-13T20:03:16.269Z	3.0.1	7			
lrsallee/en_ult_1ki_book		99	en		0			0				2022-04-14T18:00:49.547Z	3.1.0	7			
lrsallee/en_ult_1pe_book	2022-09-08T17:30:38.064Z	100	en	v0.21	0			0				2021-08-13T14:57:00.230Z	3.0.1	7			
lrsallee/en_ult_1sa_book		99	en		0			0	en	v58	v2.1.23	2022-04-14T17:58:27.102Z	3.1.0	7			
lrsallee/en_ult_1th_book		100	en	v0.29	0			0				2022-08-23T14:46:41.530Z	3.2.0	7			
lrsallee/en_ult_2ch_book		100	en		0			0				2022-04-14T18:04:53.133Z	3.1.0	7			
lrsallee/en_ult_2co_book		100	en	v0.27	0			0				2022-07-20T20:18:43.783Z	3.2.0	7			
lrsallee/en_ult_2ki_book		99	en		0			0				2022-04-14T18:45:25.736Z	3.1.0	7			
lrsallee/en_ult_2pe_book	2022-01-11T15:15:19.768Z	100	en	v0.21	0			0				2021-08-17T21:11:03.826Z	3.0.1	7			
lrsallee/en_ult_2sa_book		99	en		0			0				2022-04-14T17:59:33.042Z	3.1.0	7			
lrsallee/en_ult_act_book	2022-09-08T17:30:38.064Z	100	en	v0.21	0			0				2021-08-17T13:09:36.384Z	3.0.1	7			
lrsallee/en_ult_amo_book		100	en		0			0				2022-04-20T15:43:58.216Z	3.1.0	7			
lrsallee/en_ult_col_book		100	en	v0.22	0			0				2022-02-01T21:49:44.262Z	3.0.2	7			
lrsallee/en_ult_dan_book		100	en	v2.1.23	0			0				2022-05-19T18:53:33.916Z	3.1.0	7			
lrsallee/en_ult_deu_book		100	en		0			0				2022-04-22T14:40:35.541Z	3.1.0	7			
lrsallee/en_ult_ecc_book		100			0			0				2022-07-07T16:29:40.339Z	3.2.0	7			
lrsallee/en_ult_exo_book		100			0			0				2022-07-07T18:29:24.756Z	3.2.0	7			
lrsallee/en_ult_ezk_book		100	en		0			0				2022-04-20T15:36:21.679Z	3.1.0	7			
lrsallee/en_ult_gal_book	2022-01-11T15:15:19.768Z	100	en	v0.21	0			0				2021-08-18T18:46:37.589Z	3.0.1	7			
lrsallee/en_ult_hab_book		93	en	v2.1.23	0			0				2022-04-20T15:47:47.451Z	3.1.0	7			
lrsallee/en_ult_hag_book		100	en	v2.1.23	0			0				2022-04-20T15:50:09.832Z	3.1.0	7			
lrsallee/en_ult_heb_book		100	en	v0.25	0			0				2022-03-11T16:03:49.069Z	3.2.0	7			
lrsallee/en_ult_hos_book		100	en	v2.1.23	0			0				2022-05-10T14:18:57.391Z	3.1.0	7			
lrsallee/en_ult_isa_book		100	en		0			0				2022-05-10T15:28:53.546Z	3.1.0	7			
lrsallee/en_ult_jdg_book		97	en	v2.1.23	0			0				2022-04-14T17:52:13.461Z	3.1.0	7			
lrsallee/en_ult_jer_book		38	en		0			0				2022-05-10T15:38:23.541Z	3.1.0	7			
lrsallee/en_ult_jhn_book	2022-01-11T15:15:19.768Z	99	en	v0.22	0			0				2021-11-09T19:56:17.144Z	3.0.1	7			
lrsallee/en_ult_job_book		100	en	v2.1.25	0			0				2022-07-07T16:26:49.929Z	3.2.0	7			
lrsallee/en_ult_jol_book		99	en		0			0	en	v58	v2.1.23	2022-04-20T15:42:49.332Z	3.1.0	7			
lrsallee/en_ult_jos_book		100	en		0			0	en	v58	v2.1.23	2022-04-14T17:50:17.165Z	3.1.0	7			
lrsallee/en_ult_jud_book	2022-01-11T15:15:19.768Z	100	en	v0.21	0			0				2021-08-18T15:15:52.685Z	3.0.1	7			
lrsallee/en_ult_lam_book		96	en	v2.1.23	0			0				2022-04-20T15:34:56.182Z	3.1.0	7			
lrsallee/en_ult_lev_book		99	en	v2.1.23	0			0				2022-04-14T17:40:24.956Z	3.1.0	7			
lrsallee/en_ult_luk_book	2022-01-11T15:15:19.768Z	99	en	v0.22	0			0				2021-09-29T13:42:29.282Z	3.0.1	7			
lrsallee/en_ult_mal_book		100	en	v2.1.23	0			0				2022-05-10T16:05:19.265Z	3.1.0	7			
lrsallee/en_ult_mat_book		100	en	v0.28	0			0				2022-08-15T19:06:19.181Z	3.2.0	7			
lrsallee/en_ult_nam_book		96	en	v2.1.23	0			0				2022-04-20T15:46:18.321Z	3.1.0	7			
lrsallee/en_ult_num_book		100	en	v2.1.23	0			0				2022-05-10T14:32:22.798Z	3.1.0	7			
lrsallee/en_ult_psa_book		99	en		0			0				2022-05-20T14:27:50.910Z	3.1.0	7			
lrsallee/en_ult_rom_book	2022-09-08T17:30:38.064Z	100	en	v0.22	0			0				2021-09-10T14:13:15.383Z	3.0.1	7			
lrsallee/en_ult_rut_book		100	en	v2.1.23	0			0				2022-02-02T20:29:07.648Z	3.1.0	7			
lrsallee/en_ult_sng_book		100	en	v2.1.23	0			0				2022-05-10T15:22:33.968Z	3.1.0	7			
lrsallee/en_ult_zec_book		100	en	v2.1.23	0			0				2022-04-20T15:51:27.351Z	3.1.0	7			
lrsallee/en_ult_zep_book		100	en	v2.1.23	0			0				2022-05-10T15:55:43.580Z	3.1.0	7			
lrsallee/en_ust_1ch_book	2022-01-11T15:15:19.768Z	4	en		0	hi		0				2021-07-20T19:45:38.799Z	3.0.1	7			
lrsallee/en_ust_1co_book		99			0			0				2022-07-15T14:51:47.486Z	3.2.0	7			
lrsallee/en_ust_1pe_book	2022-09-08T17:30:38.064Z	100	en		0			0				2021-07-20T19:35:26.977Z	3.0.1	7			
lrsallee/en_ust_1sa_book	2022-01-11T15:15:19.768Z	1	en	v2.1.17	0	hi		0				2021-07-20T19:37:42.073Z	3.0.1	7			
lrsallee/en_ust_1th_book		97	en	v0.23	0			0				2022-02-16T18:36:33.352Z	3.1.0	7			
lrsallee/en_ust_2co_book		99	en	v0.27	0			0				2022-08-03T18:02:31.848Z	3.2.0	7			
lrsallee/en_ust_2pe_book	2022-01-11T15:15:19.768Z	100	en		0			0				2021-08-30T14:55:10.101Z	3.0.1	7			
lrsallee/en_ust_2th_book		100	en		0			0				2022-01-03T15:55:46.350Z	3.0.1	7			
lrsallee/en_ust_col_book	2022-09-08T17:30:38.064Z	18	en		0			0				2021-09-29T21:05:37.472Z	3.0.1	7			
lrsallee/en_ust_gal_book	2022-01-11T15:15:19.768Z	15	en		0			0				2021-07-20T19:41:34.711Z	3.0.1	7			
lrsallee/en_ust_heb_book		99	en	v0.29	0			0				2022-08-31T21:19:45.369Z	3.3.0	7			
lrsallee/en_ust_jhn_book	2022-01-11T15:15:19.768Z	97	en		0			0				2021-11-09T19:55:27.359Z	3.0.1	7			
lrsallee/en_ust_jos_book	2022-01-11T15:15:19.768Z	97	en		0			0	en	v44	v2.1.17	2021-07-20T19:44:12.764Z	3.0.1	7			
lrsallee/en_ust_jud_book	2022-01-11T15:15:19.768Z	23	en		0			0				2021-07-20T19:43:16.818Z	3.0.1	7			
lrsallee/en_ust_luk_book	2022-01-11T15:15:19.768Z	99	en	v0.22	0			0				2021-09-29T13:49:14.822Z	3.0.1	7			
lrsallee/en_ust_mat_book		97	en		0			0				2022-05-25T13:25:48.904Z	3.1.0	7			
lrsallee/en_ust_mrk_book		94	en		0			0				2022-04-13T13:15:46.281Z	3.1.0	7			
lrsallee/en_ust_phm_book	2022-01-11T15:15:19.768Z	100	en	v0.22	0	en	v0.14	0	en	v33	v0.14	2021-06-28T17:30:11.448Z	3.0.1	7			
lrsallee/en_ust_php_book	2022-09-08T17:30:38.064Z	100	en	v0.21	0			0				2021-08-20T14:46:20.753Z	3.0.1	7			
lrsallee/en_ust_rev_book		97	en		0			0				2022-03-08T19:14:21.215Z	3.1.0	7			
man_vgm/en_vts_exo_book	2022-09-08T17:30:38.064Z	92	en	v2.1.15	0	hi		0				2020-11-24T09:01:07.856Z	3.0.1	7			
manny_colon/en_ust_act_book	2022-09-08T17:30:38.064Z	99	en	v0.14	0			0				2021-06-18T15:40:12.043Z	3.0.1	7			
manny_colon/en_xxx_jos_book	2022-09-08T17:30:38.064Z	97	en		0			0	en	v44	v2.1.17	2021-07-20T19:44:12.764Z	3.0.1	7			
manny_colon/en_zzz_tit_book	2022-09-08T17:30:38.064Z	100	en		0			0	en	v26	v0.12	2020-03-03T19:46:49.595Z	2.1.1	7			
MattCarlton/en_ult_gen_book		95	en	v2.1.23	0	hi	v2.1.15	0				2021-03-09T21:47:43.491Z	3.1.0	7			
MattCarlton/en_ust_gen_book		99	en	v2.1.23	0	hi	v2.1.15	0				2019-07-25T19:53:07.854Z	3.1.0	7			
mtijerina/en_ult_est_book	2022-09-08T17:30:38.064Z	100	en		0	en		0				2019-06-13T14:55:37.748Z	2.0.0	7			
mtijerina/en_ult_exo_book	2022-09-08T17:30:38.064Z	43	en		0			0				2019-07-18T12:51:05.291Z	2.0.0	7			
mtijerina/en_ult_neh_book	2022-09-08T17:30:38.064Z	100			0			0				2019-04-26T21:47:08.489Z	1.1.4	7			
Mukesh_Parte/en_mgst_2pe_book		100	en	v0.22	0			0				2022-03-24T13:48:42.039Z	3.0.1	7			
NateKreider/en_ust_2th_book		100	en	v0.22	99	en	v0.22	100	en	v54	v0.22	2022-01-03T15:55:46.350Z	3.0.2	7	unmatched tn checks found, 		
NateKreider/en_ust_mat_book		98	en	v0.29	0			0				2022-05-25T13:25:48.904Z	3.3.0	7			
NateKreider/en_ust_mrk_book		95	en	v0.24	0			0				2022-04-13T13:15:46.281Z	3.2.0	7			
NathanKreider/en_ust_2th_book		100	en	v0.22	99	en	v0.22	100	en	v54	v0.22	2022-01-03T15:55:46.350Z	3.0.2	7			
photonomad0/en_abcd_act_book	2022-09-08T17:30:38.064Z	99			0			0				2018-08-21T20:12:11.646Z		6			
photonomad0/en_algn_tit_book	2022-09-08T17:30:38.064Z	100			0			0				2018-05-10T13:43:12.594Z		6			
photonomad0/en_mine_1ti_book	2022-09-08T17:30:38.064Z	5			0			0				2018-07-10T14:31:26.145Z		6			
photonomad0/en_mine_tit_book	2022-09-08T17:30:38.064Z	100			0			0				2018-05-10T13:43:12.594Z		5			
photonomad0/en_tstg_tit_book	2022-09-08T17:30:38.064Z	100			0			0				2018-05-10T13:43:12.594Z		6			
photonomad0/en_tsth_tit_book	2022-09-08T17:30:38.064Z	100			0			0				2018-05-10T13:43:12.594Z		6			
photonomad0/en_ulb_tit_book	2022-09-08T17:30:38.064Z	100			0			0				2018-05-10T13:43:12.594Z		5			
photonomad0/en_ult_1ki_book	2022-09-08T17:30:38.064Z	30	en		0			0				2019-09-25T17:59:35.038Z	2.0.0	7			
photonomad0/en_ult_1pe_book	2022-09-08T17:30:38.064Z	99			0			0				2018-06-20T16:23:42.037Z		6			
photonomad0/en_ult_tit_book		69	en	v0.28	0	en	v0.28	0	en	v64_Door43-Catalog	v0.26	2018-05-10T13:43:12.594Z	3.3.0	7			
photonomad0/en_ust_gal_book	2022-09-08T17:30:38.064Z	16	en	v0.21	0	en	v0.22	0				2021-07-20T19:41:34.711Z	3.1.0	7			
photonomad0/en_ust_luk_book	2022-09-08T17:30:38.064Z	99			0			0				2019-06-25T21:01:23.436Z	1.1.4	7			
photonomad0/en_ust_tit_book	2022-09-08T17:30:38.064Z	100			0			0				2019-07-08T14:18:07.017Z	1.1.4	7			
photonomad0/en_ustz_gal_book		15	en	v0.22	0	en	v0.22	0	en	v57_Door43-Catalog	v0.22	2021-07-20T19:41:34.711Z	3.2.0	7			
photonomad0/en_zzzz_gal_book	2022-09-08T17:30:38.064Z	100			0			0				2018-05-15T20:17:32.393Z		7			
photonomad1/en_edit_phm_book	2022-09-08T17:30:38.064Z	73	en	v0.12	7	en	v0.12	20	en	v32	v0.13	2019-07-18T17:27:45.693Z	3.0.0	7	unmatched tn checks found, 		
photonomad1/en_prct_tit_book	2022-09-08T17:30:38.064Z	4	en		59			0	en			2018-03-15T21:51:47.555Z	2.1.0	7	duplicate tw selections found, 		
photonomad1/en_reg_exo_book	2022-09-08T17:30:38.064Z	100	en		0			0				2019-12-04T11:52:18.012Z	2.1.0	7			
photonomad1/en_ult1_rut_book	2022-09-08T17:30:38.064Z	96	en		96	en		46	en			2019-06-11T19:35:14.527Z	2.1.0	7	unmatched tn checks found, 		
photonomad1/en_ult_1ki_book	2022-09-08T17:30:38.064Z	30	en		0			0				2019-09-25T17:59:35.038Z	2.0.0	7			
photonomad1/en_ult_1ti_book	2022-09-08T17:30:38.064Z	100	en	v0.15	67	en	v0.14	73	en	v49	v0.21	2020-09-19T15:28:31.027Z	3.0.2	7			
photonomad1/en_ult_3jn_book	2022-09-08T17:30:38.064Z	100	en		100	en		72	en			2019-08-01T15:14:39.307Z	2.2.0	7			
photonomad1/en_ult_jon_book	2022-09-08T17:30:38.064Z	100	en		88	en		75	en			2019-06-13T15:08:30.339Z	2.0.0	7	duplicate tn migrations found, unmatched tn checks found, 		
photonomad1/en_ult_neh_book	2022-09-08T17:30:38.064Z	98	en	v2.1.12	0	en		0	en	v28	v2.1.12	2019-04-26T21:47:08.489Z	2.2.0	7			
photonomad1/en_ult_rut_book	2022-09-08T17:30:38.064Z	100	en		84	en		40	en			2019-06-11T19:35:14.527Z	2.0.0	7	unmatched tn checks found, 		
photonomad1/en_ultz_jon_book	2022-09-08T17:30:38.064Z	100	en		90	en		50	en			2019-06-13T15:08:30.339Z	2.1.0	7	duplicate tn migrations found, unmatched tn checks found, 		
photonomad1/en_ultz_rut_book	2022-09-08T17:30:38.064Z	96	en		96	en		46	en			2019-06-11T19:35:14.527Z	2.1.0	7	unmatched tn checks found, 		
photonomad1/en_ulzt_jon_book	2022-09-08T17:30:38.064Z	100	en		90	en		50	en			2019-06-13T15:08:30.339Z	2.1.0	7	duplicate tn migrations found, unmatched tn checks found, 		
photonomad1/en_ulzz_jon_book	2022-09-08T17:30:38.064Z	100	en		90	en		50	en			2019-06-13T15:08:30.339Z	2.1.0	7	duplicate tn migrations found, unmatched tn checks found, 		
photonomad1/en_ust_jon_book	2022-09-08T17:30:38.064Z	100	en		0	en		0	en			2019-06-26T13:22:29.928Z	2.0.0	7			
photonomad1/en_wata_mat_book	2022-09-08T17:30:38.064Z	99	en		99	en		0	en			2019-10-14T19:55:21.897Z	2.1.0	7			
photonomad1/en_wats_mat_book	2022-09-08T17:30:38.064Z	99	en		99	en		0	en			2019-10-14T19:55:21.897Z	2.1.0	7			
photonomad1/en_watz_mat_book	2022-09-08T17:30:38.064Z	99	en		99	en		0	en			2019-10-14T19:55:21.897Z	2.1.0	7			
photonomad1/en_zzz_jhn_book	2022-09-08T17:30:38.064Z	99	en		0	en		0	en			2019-11-19T12:42:25.253Z	2.1.0	7			
pjoakes/en_udb_1th_book	2022-09-08T17:30:38.064Z	81			0			0				2017-12-07T15:41:28.055Z		7			
pjoakes/en_ult_2ti_book	2022-09-08T17:30:38.064Z	100	en	v0.14	0			0				2021-02-12T22:05:52.005Z	3.0.1	7			
pjoakes/en_ult_3jn_book	2022-09-08T17:30:38.064Z	94	en		98	en		100	en			2020-01-29T20:11:02.320Z	2.1.0	7			
pjoakes/en_ult_col_book	2022-09-08T17:30:38.064Z	100			0			0				2018-06-15T18:40:42.051Z		6			
pjoakes/en_ult_eph_book	2022-09-08T17:30:38.064Z	98			0			0				2018-05-31T19:50:41.525Z		6			
pjoakes/en_ult_est_book	2022-09-08T17:30:38.064Z	100	en	v2.1.15	0			0	en	v33	v2.1.15	2020-10-21T13:57:47.853Z	3.0.0	7			
pjoakes/en_ult_ezr_book	2022-09-08T17:30:38.064Z	99	en	v2.1.20	0			0	en	v47	v2.1.20	2021-06-22T17:04:17.620Z	3.0.1	7			
pjoakes/en_ult_jon_book	2022-09-08T17:30:38.064Z	100	en		54	en		61	en			2019-06-13T15:08:30.339Z	2.1.0	7	duplicate tn migrations found, unmatched tn checks found, 		
pjoakes/en_ult_jud_book	2022-09-08T17:30:38.064Z	100			0			0				2018-07-16T15:52:25.379Z		6			
pjoakes/en_ult_mrk_book	2022-09-08T17:30:38.064Z	100			0			0				2019-04-10T20:18:07.796Z		7			
pjoakes/en_ult_oba_book	2022-09-08T17:30:38.064Z	100	en	v2.1.17	0			0	en	v44	v2.1.17	2021-03-29T14:37:24.384Z	3.0.1	7			
pjoakes/en_ult_rut_book	2022-09-08T17:30:38.064Z	100	en		84	en		33	en			2019-06-11T19:35:14.527Z	2.1.0	7	unmatched tn checks found, 		
pjoakes/en_ult_tit_book	2022-09-08T17:30:38.064Z	100	en	v0.12	0	en	v0.12	0	en	v28	v0.12	2017-10-22T17:24:10.826Z	2.1.2	7			
pjoakes/en_ust_1jn_book	2022-09-08T17:30:38.064Z	99	en	v0.20	0			0				2021-06-23T19:03:51.655Z	3.0.1	7			
pjoakes/en_ust_1ki_book	2022-09-08T17:30:38.064Z	2			0			0				2019-06-18T20:22:34.679Z	1.1.4	7			
pjoakes/en_ust_1ti_book	2022-09-08T17:30:38.064Z	100	en	v0.14	0			0				2020-11-06T16:37:11.303Z	3.0.1	7			
pjoakes/en_ust_2jn_book	2022-09-08T17:30:38.064Z	100	en	v0.18	0			0				2021-03-30T20:59:59.953Z	3.0.1	7			
pjoakes/en_ust_2ki_book	2022-09-08T17:30:38.064Z	1			0			0				2019-07-11T13:56:10.596Z		7			
pjoakes/en_ust_2sa_book	2022-09-08T17:30:38.064Z	1	en		0			0				2019-10-16T22:07:16.880Z	2.0.0	7			
pjoakes/en_ust_2th_book		100	en	v0.27	0			0				2022-06-16T21:36:21.696Z	3.1.0	7			
pjoakes/en_ust_2ti_book	2022-09-08T17:30:38.064Z	100	en	v0.14	0			0				2020-12-18T15:38:08.411Z	3.0.1	7			
pjoakes/en_ust_3jn_book	2022-09-08T17:30:38.064Z	100	en		0	en		0	en			2020-01-29T20:13:47.657Z	2.1.0	7			
pjoakes/en_ust_col_book	2022-09-08T17:30:38.064Z	18			0			0				2018-07-25T13:08:02.422Z		5			
pjoakes/en_ust_dan_book	2022-09-08T17:30:38.064Z	1			0			0				2019-07-10T14:47:47.414Z		7			
pjoakes/en_ust_deu_book	2022-09-08T17:30:38.064Z	2	en		0			0				2019-09-25T01:06:47.493Z	2.0.0	7			
pjoakes/en_ust_eph_book	2022-09-08T17:30:38.064Z	99	en	v0.12	0	en		0	en	v30	v0.12	2020-04-30T16:05:28.509Z	2.1.2	7			
pjoakes/en_ust_est_book	2022-09-08T17:30:38.064Z	100	en	v2.1.15	0	en		0	en	v30	v2.1.13	2020-06-16T22:28:31.281Z	3.0.0	7			
pjoakes/en_ust_exo_book	2022-09-08T17:30:38.064Z	1			0			0				2019-08-05T14:16:59.675Z	1.1.4	7			
pjoakes/en_ust_ezr_book	2022-09-08T17:30:38.064Z	100	en	v2.1.20	0			0	en	v45	v2.1.17	2021-04-07T15:26:36.578Z	3.0.1	7			
pjoakes/en_ust_ezr_old_book	2022-09-08T17:30:38.064Z	100			0			0				2019-05-01T21:12:26.890Z	1.1.4	7			
pjoakes/en_ust_gal_book	2022-09-08T17:30:38.064Z	15			0			0				2018-07-26T15:45:38.472Z		5			
pjoakes/en_ust_jon_book	2022-09-08T17:30:38.064Z	100	en		0			0	en			2020-03-03T14:19:12.007Z	2.1.0	7			
pjoakes/en_ust_jos_book	2022-09-08T17:30:38.064Z	100			0			0				2019-05-01T21:23:21.766Z		7			
pjoakes/en_ust_jud_book	2022-09-08T17:30:38.064Z	23			0			0				2018-07-25T20:43:23.945Z		5			
pjoakes/en_ust_lev_book	2022-09-08T17:30:38.064Z	2			0			0				2019-08-13T16:23:54.774Z	1.1.4	7			
pjoakes/en_ust_luk_book	2022-09-08T17:30:38.064Z	99	en	v0.12	0	en	v0.12	0	en	v28	v0.12	2020-02-05T22:13:43.796Z	2.1.2	7			
pjoakes/en_ust_mrk_book	2022-09-08T17:30:38.064Z	52			0			0				2018-08-10T19:37:09.499Z		7			
pjoakes/en_ust_neh_book	2022-09-08T17:30:38.064Z	100	en	v2.1.15	0			0	en	v33	v2.1.15	2020-10-20T14:52:46.093Z	3.0.0	7			
pjoakes/en_ust_num_book	2022-09-08T17:30:38.064Z	17	en		0			0				2019-09-04T13:50:47.341Z	2.0.0	7			
pjoakes/en_ust_oba_book	2022-09-08T17:30:38.064Z	100	en	v2.1.17	0			0	en	v44	v2.1.17	2021-03-08T17:46:51.415Z	3.0.1	7			
pjoakes/en_ust_phm_book	2022-09-08T17:30:38.064Z	100			0			0				2018-07-25T12:26:42.888Z		7			
pjoakes/en_ust_rut_book	2022-09-08T17:30:38.064Z	98	en		0			0	en			2020-01-31T23:03:01.712Z	2.1.0	7			
pjoakes/en_ust_tit_book	2022-09-08T17:30:38.064Z	100	en	v0.12	96	en	v0.12	80	en	v30	v0.12	2019-07-08T14:18:07.017Z	2.1.2	7	unmatched tn checks found, 		
Pradeep_Kaki/en_ust_2ti_book	2022-09-08T17:30:38.064Z	99	en	v0.21	0			0				2021-08-14T13:14:39.338Z	3.0.0	7			
qa1/en_ult_3jn_book	2022-09-08T17:30:38.064Z	88	en		100	en		100	en			2019-08-01T15:14:39.307Z	2.1.0	7			
qa1/en_ult_luk_book	2022-09-08T17:30:38.064Z	100	en		6	en		0	en			2019-06-13T15:16:21.716Z	2.0.0	7			
qa11/en_ult_2jn_book	2022-09-08T17:30:38.064Z	100	en		0	en		0	en			2019-12-04T19:03:53.952Z	2.0.0	7			
qa99/en_aaa_tit_book	2022-09-08T17:30:38.064Z	6			0			0				2018-08-23T14:56:01.311Z		6			
qa99/en_aaaa_tit_book	2022-09-08T17:30:38.064Z	100	en		0			0				2019-12-18T01:44:02.619Z	2.1.0	7			
qa99/en_bbbb_tit_book	2022-09-08T17:30:38.064Z	100	en		0			0				2019-12-18T01:44:02.619Z	2.1.0	7			
qa99/en_edit_tit_book	2022-09-08T17:30:38.064Z	98			0			0				2019-01-15T20:59:30.361Z		7			
qa99/en_full_tit_book	2022-09-08T17:30:38.064Z	100			7			0				2019-01-15T20:38:39.738Z		7			
qa99/en_locl_gal_book	2022-09-08T17:30:38.064Z	1			0			0				2018-12-10T16:17:58.452Z		7			
qa99/en_numb_gal_book	2022-09-08T17:30:38.064Z	1			0			0				2019-01-08T20:16:40.657Z		7			
qa99/en_oldg_act_book	2022-09-08T17:30:38.064Z	99			0			0				2019-03-11T13:56:34.259Z		7			
qa99/en_prct_tit_book	2022-09-08T17:30:38.064Z	4			99			0				2018-03-15T21:51:47.555Z		6			
qa99/en_rset_gal_book	2022-09-08T17:30:38.064Z	1			0			0				2019-01-08T20:26:09.905Z		7			
qa99/en_test_act_book	2022-09-08T17:30:38.064Z	99			0			0				2019-03-08T04:25:14.008Z		7			
qa99/en_test_tit_book	2022-09-08T17:30:38.064Z	2			8			0				2018-10-24T13:03:50.544Z		7			
qa99/en_ult_1pe_book	2022-09-08T17:30:38.064Z	97			0			0				2018-06-20T16:23:42.037Z		6			
qa99/en_ult_act_book	2022-09-08T17:30:38.064Z	99			0			0				2019-03-08T15:53:55.393Z		7			
qa99/en_ultt_rut_book	2022-09-08T17:30:38.064Z	100			0			0				2019-04-11T15:47:04.751Z		7			
qa99/en_yyyy_tit_book	2022-09-08T17:30:38.064Z	100			0			0				2018-08-23T20:52:29.425Z		6			
ramosdr/en_ult_job_book		100	en	v2.1.29	0			0				2022-07-07T16:26:49.929Z	3.2.0	7			
rba/en_kjv_mat_book	2022-09-08T17:30:38.064Z	100			0			0						6			
richmahn/en_aaa_act_book	2022-09-08T17:30:38.064Z	100			0			0				2018-06-08T20:16:01.266Z		5			
richmahn/en_aaa_tit_book	2022-09-08T17:30:38.064Z	6			1			0				2017-10-13T12:39:09.311Z		6			
richmahn/en_aaaa_act_book	2022-09-08T17:30:38.064Z	100			0			0				2018-06-08T20:16:01.266Z		5			
richmahn/en_abb_act_book	2022-09-08T17:30:38.064Z	100			0			0				2018-06-08T20:16:01.266Z		6			
richmahn/en_ult_1ti_book	2022-09-08T17:30:38.064Z	100	en	v0.13	95	en	v0.13	0	en	v32	v0.13	2020-07-28T15:22:29.982Z	3.0.0	7			
richmahn/en_ult_rev_book	2022-09-08T17:30:38.064Z	100			0			0				2019-06-13T15:54:18.611Z	1.1.4	7			
richmahn/en_ult_tit_book	2022-09-08T17:30:38.064Z	100			0			0				2018-04-23T21:53:45.767Z		6			
richmahn/en_ult_tit_book_rich	2022-09-08T17:30:38.064Z	100	en		95	en		94	en			2019-06-13T15:45:09.790Z	2.0.0	7	unmatched tn checks found, 		
richmahn/en_ulta_1sa_book	2022-09-08T17:30:38.064Z	98	en	v2.1.14	0	hi		0				2021-01-13T13:20:47.492Z	3.0.0	7			
richmahn/en_ulta_act_book	2022-09-08T17:30:38.064Z	100	en		0	en		0	en			2019-06-13T15:19:59.954Z	2.1.0	7			
richmahn/en_ultb_1sa_book	2022-09-08T17:30:38.064Z	98	en	v2.1.15	0	hi		0				2021-01-25T04:37:57.523Z	3.0.1	7			
richmahn/en_ultc_act_book	2022-09-08T17:30:38.064Z	100	en		0	en		0	en			2019-06-13T15:19:59.954Z	2.1.0	7			
richqa/en_ust_php_book	2022-09-08T17:30:38.064Z	100	en	v0.21	0			1	en	v33	v0.14	2021-08-20T14:46:20.753Z	3.0.1	7			
RichTestOrg/en_ult_jos_book	2022-09-08T17:30:38.064Z	100	en		0	en		0				2019-06-13T15:59:21.446Z	2.0.0	7			
RobH/en_ult_rev_book	2022-09-08T17:30:38.064Z	71			0			0				2018-06-29T13:23:05.062Z		6			
RobH/en_ust_1jn_book	2022-09-08T17:30:38.064Z	97			0			0				2018-08-01T18:15:32.347Z		7			
RobH/en_ust_1sa_book	2022-09-08T17:30:38.064Z	94	en		0			0				2019-09-12T02:30:22.480Z	2.1.0	7			
RobH/en_ust_ecc_book	2022-09-08T17:30:38.064Z	95	en	v2.1.13	0			0				2020-03-19T02:27:49.029Z	2.1.2	7			
RobH/en_ust_jdg_book	2022-09-08T17:30:38.064Z	100	en		0			0				2019-06-12T21:38:31.827Z	2.0.0	7			
RobH/en_ust_jhn_book	2022-09-08T17:30:38.064Z	98			0			0				2018-08-10T23:31:23.469Z		7			
RobH/en_ust_mrk_book	2022-09-08T17:30:38.064Z	97			0			0				2018-08-10T19:37:09.499Z		7			
royalsix/en_jay_2ti_book	2022-09-08T17:30:38.064Z	100			3			0				2018-12-12T21:04:26.230Z		7			
royalsix/en_mct_tit_book	2022-09-08T17:30:38.064Z	0			0			6				2017-10-13T12:39:09.311Z		7			
royalsix/en_mcz_tit_book	2022-09-08T17:30:38.064Z	0			0			6				2017-10-13T12:39:09.311Z		7			
royalsix/en_test_phm_book	2022-09-08T17:30:38.064Z	88			0			0				2019-06-27T19:44:29.512Z	1.2.0	7			
royalsix/en_ult_rev_book	2022-09-08T17:30:38.064Z	99			0			0				2019-06-13T15:54:18.611Z	1.2.0	7			
RoyalSix1/en_hid_tit_book	2022-09-08T17:30:38.064Z	0			1			0				2018-06-06T20:22:06.427Z		6			
Samuel_Kim/en_ulb_3jn_book	2022-01-11T15:15:19.768Z	7	en	v0.19	0	en		0	en	v45	v0.19	2021-05-02T05:03:11.841Z	3.0.1	7			
scottpbayer/en_ult_mic_book	2022-09-08T17:30:38.064Z	49			0			0				2019-07-25T16:57:10.793Z	1.1.4	7			
SethAdcock/en_ust_rev_book		98	en	v0.24	0			0	en	v58	v0.23	2022-03-08T19:14:21.215Z	3.2.0	7			
stephenwunrow/en_ust_1co_book		100	en	v0.27	0			0				2022-07-15T14:51:47.486Z	3.2.0	7			
stephenwunrow/en_ust_col_book		100	en	v0.23	0			0				2022-02-24T18:31:55.289Z	3.1.0	7			
stephenwunrow/en_ust_heb_book		99	en	v0.29	0			0				2022-08-31T21:19:45.369Z	3.3.0	7			
sunilkasbe/en_ust_jas_book	2022-09-08T17:30:38.064Z	97	en	v0.22	0			0				2021-10-25T07:06:30.964Z	3.0.1	7			
SuzannaSmith/en_ult_1sa_book	2022-09-08T17:30:38.064Z	21	en		0			0				2019-07-18T12:52:00.503Z	2.1.0	7			
TANUJA.G/en_glt_luk_book	2022-09-08T17:30:38.064Z	99	en	v0.22	0			0	en	v54	v0.22	2021-10-25T14:52:18.892Z	3.0.1	7			
tc0.10.1/en_done_mrk_book	2022-09-08T17:30:38.064Z	3			0			0				2018-09-27T13:33:29.144Z		6			
tc0.10.1/en_dten_mrk_book	2022-09-08T17:30:38.064Z	3			0			0				2018-09-27T13:33:29.144Z		6			
tc0.10.1/en_dten_tit_book	2022-09-08T17:30:38.064Z	80			1			0				2018-09-27T15:10:03.271Z		6			
tc0.10.1/en_ult_mrk_book	2022-09-08T17:30:38.064Z	2			0			0				2018-09-27T13:33:29.144Z		7			
tc0.10.1/en_ult_tit_book	2022-09-08T17:30:38.064Z	80			1			0				2018-09-27T15:10:03.271Z		7			
tc01/en_alck_tit_book	2022-09-08T17:30:38.064Z	94			0			0				2018-07-27T14:02:12.487Z	2.0.0	7			
tc01/en_all_tit_book	2022-09-08T17:30:38.064Z	100	en	v0.12	0			1	en	v32	v0.13	2020-05-26T15:58:45.243Z	3.0.0	7			
tc01/en_allb_tit_book	2022-09-08T17:30:38.064Z	100	en	v0.12	0			1	en	v32	v0.13	2020-05-26T15:58:45.243Z	3.0.0	7			
tc01/en_bbbb_tit_book	2022-09-08T17:30:38.064Z	100	en		0			0				2020-10-12T20:28:25.101Z	3.0.1	7			
tc01/en_clt_tit_book	2022-09-08T17:30:38.064Z	98			0			0				2019-06-13T15:51:23.651Z	1.2.0	7			
tc01/en_dddd_tit_book	2022-09-08T17:30:38.064Z	100	en		0			0				2020-10-12T20:28:25.101Z	3.0.1	7			
tc01/en_dddx_tit_book	2022-09-08T17:30:38.064Z	100	en		0			1	en			2020-05-16T00:12:03.181Z	2.2.0	7	unmatched tn checks found, 		
tc01/en_dual_act_book	2022-09-08T17:30:38.064Z	99			1			0				2019-03-19T00:02:07.087Z		7			
tc01/en_edit_1co_book	2022-09-08T17:30:38.064Z	99	en		0	en		0				2020-02-06T18:14:59.763Z	2.1.0	7			
tc01/en_edit_phm_book	2022-09-08T17:30:38.064Z	81	en		8	en		32	en			2019-07-18T17:27:45.693Z	2.2.0	7	unmatched tn checks found, 		
tc01/en_eeee_tit_book	2022-09-08T17:30:38.064Z	100	en		0			0				2020-10-12T20:28:25.101Z	3.0.1	7			
tc01/en_fff_tit_book	2022-09-08T17:30:38.064Z	100	en		0			0				2020-07-23T20:50:17.848Z	3.0.0	7			
tc01/en_ffff_tit_book	2022-09-08T17:30:38.064Z	100	en		0			0				2020-10-12T20:28:25.101Z	3.0.1	7			
tc01/en_full_tit_book	2022-09-08T17:30:38.064Z	100			0			0				2019-01-28T20:38:35.600Z		7			
tc01/en_gggg_tit_book	2022-09-08T17:30:38.064Z	100	en		0			0				2020-10-12T20:28:25.101Z	3.0.1	7			
tc01/en_lary_tit_book	2022-09-08T17:30:38.064Z	100	en		98	en		97	en			2020-01-29T20:08:31.157Z	2.1.0	7	unmatched tn checks found, 		
tc01/en_mine_mat_book	2022-09-08T17:30:38.064Z	99			0			0				2019-05-22T16:56:54.015Z	1.1.4	7			
tc01/en_mstr_gal_book	2022-09-08T17:30:38.064Z	99			0			0				2019-01-22T16:33:21.820Z		7			
tc01/en_new_heb_book	2022-09-08T17:30:38.064Z	0	en		1	en		2	en			2019-08-06T16:00:14.624Z	2.0.0	7			
tc01/en_new_phm_book	2022-09-08T17:30:38.064Z	73	en		2	en		20	en			2019-07-18T17:27:45.693Z	2.0.0	7			
tc01/en_newl_rev_book	2022-09-08T17:30:38.064Z	100	en		0			0	en			2020-02-10T20:15:39.088Z	2.2.0	7			
tc01/en_numb_gal_book	2022-09-08T17:30:38.064Z	1			0			0				2019-01-08T20:16:40.657Z		7			
tc01/en_old_tit_book	2022-09-08T17:30:38.064Z	98			0			0				2017-10-16T18:55:01.362Z		7			
tc01/en_oldg_act_book	2022-09-08T17:30:38.064Z	99			0			0				2019-03-11T13:56:34.259Z		7			
tc01/en_one_rut_book	2022-09-08T17:30:38.064Z	100	en		0	en		0	en			2020-02-10T22:46:31.262Z	2.0.0	7			
tc01/en_oneo_act_book	2022-09-08T17:30:38.064Z	99			0			0				2019-03-08T16:54:40.134Z		7			
tc01/en_prct_tit_book	2022-09-08T17:30:38.064Z	84	en		61	hi		3	hi			2020-03-29T22:43:50.524Z	2.2.0	7			
tc01/en_reg_1th_book	2022-09-08T17:30:38.064Z	9			0			0				2018-04-17T17:58:34.233Z		7			
tc01/en_sava_tit_book	2022-09-08T17:30:38.064Z	100	en		0			1	en	v33	v0.14	2021-01-11T15:40:35.767Z	3.0.1	7			
tc01/en_save_1pe_book	2022-09-08T17:30:38.064Z	100	en		0			0				2021-02-18T16:58:44.816Z	3.0.1	7			
tc01/en_save_eph_book	2022-09-08T17:30:38.064Z	100	en		0			2	en	v39	v0.17	2021-01-11T15:23:22.420Z	3.0.1	7			
tc01/en_save_tit_book	2022-09-08T17:30:38.064Z	100	en		0			1	en	v33	v0.14	2021-01-11T15:40:35.767Z	3.0.1	7			
tc01/en_savx_1pe_book	2022-09-08T17:30:38.064Z	100	en		0			0				2021-02-18T16:58:44.816Z	3.0.1	7			
tc01/en_test_1ti_book	2022-09-08T17:30:38.064Z	100			0			0				2019-05-06T19:43:48.725Z	1.2.0	7			
tc01/en_test_jud_book	2022-09-08T17:30:38.064Z	100	en	v0.12	0			0	en	v30	v0.12	2020-06-16T12:19:55.670Z	3.0.0	7			
tc01/en_test_phm_book	2022-09-08T17:30:38.064Z	85			5			20				2019-07-18T17:27:45.693Z	2.0.0	7			
tc01/en_test_rom_book	2022-09-08T17:30:38.064Z	75			0			0				2018-10-24T22:37:30.122Z		7			
tc01/en_test_tit_book	2022-09-08T17:30:38.064Z	2			8			0				2018-10-24T13:03:50.544Z		6			
tc01/en_thr_rut_book	2022-09-08T17:30:38.064Z	100	en		0	en		0	en			2020-02-10T22:48:58.210Z	2.0.0	7			
tc01/en_time_mat_book	2022-09-08T17:30:38.064Z	99	en		0			0				2020-04-03T15:48:08.817Z	2.2.0	7			
tc01/en_trst_2jn_book	2022-09-08T17:30:38.064Z	100	en		0			0				2020-11-24T19:15:23.133Z	3.0.1	7			
tc01/en_tst_tit_book	2022-09-08T17:30:38.064Z	2			5			0				2018-10-24T13:03:50.544Z		7			
tc01/en_two_rut_book	2022-09-08T17:30:38.064Z	100	en		0	en		0	en			2020-02-10T22:47:57.808Z	2.0.0	7			
tc01/en_ugh_tit_book	2022-09-08T17:30:38.064Z	100	en		0			0	hi			2019-06-13T19:36:53.283Z	2.0.0	7			
tc01/en_ughx_tit_book	2022-09-08T17:30:38.064Z	100			0			0				2019-06-13T19:35:14.226Z	1.1.4	7			
tc01/en_ulbx_tit_book	2022-09-08T17:30:38.064Z	0	en		1			3	en			2019-05-20T21:36:34.386Z	2.0.0	7			
tc01/en_ult_1pe_book	2022-09-08T17:30:38.064Z	98			0			0				2018-06-20T16:23:42.037Z		6			
tc01/en_ult_1ti_book	2022-09-08T17:30:38.064Z	100			0			0				2019-03-19T15:16:17.132Z		7			
tc01/en_ult_2jn_book	2022-09-08T17:30:38.064Z	100	en		0	en		0	en			2019-12-04T19:03:53.952Z	2.0.0	7			
tc01/en_ult_2ti_book	2022-09-08T17:30:38.064Z	100	en	v0.12	0	en	v0.12	1	en	v30	v0.12	2020-06-10T20:41:31.155Z	3.0.0	7	unmatched tn checks found, 		
tc01/en_ult_act_book	2022-09-08T17:30:38.064Z	99	en		0			0				2020-02-05T22:01:14.854Z	2.1.0	7			
tc01/en_ult_rev_book	2022-09-08T17:30:38.064Z	100			0			0				2019-06-13T15:54:18.611Z	1.2.0	7			
tc01/en_ult_rom_book	2022-09-08T17:30:38.064Z	94			0			0				2019-04-17T14:51:10.498Z		7			
tc01/en_ult_rut_book	2022-09-08T17:30:38.064Z	93	en		0	hi		0	en			2020-03-30T16:25:38.716Z	2.2.0	7			
tc01/en_ults_1pe_book	2022-09-08T17:30:38.064Z	98	en		0			0				2018-06-20T16:23:42.037Z	2.1.0	7			
tc01/en_ultt_1pe_book	2022-09-08T17:30:38.064Z	98			0			0				2018-06-20T16:23:42.037Z		6			
tc01/en_ultt_act_book	2022-09-08T17:30:38.064Z	59			0			0				2018-09-06T17:46:13.470Z		6			
tc01/en_ultt_mat_book	2022-09-08T17:30:38.064Z	100			0			0				2019-04-10T20:15:17.109Z	1.1.4	7			
tc01/en_ultx_eph_book	2022-09-08T17:30:38.064Z	100	en		0			0	en	v39	v0.17	2020-11-22T13:57:42.647Z	3.0.1	7			
tc01/en_usfm_amo_book	2022-09-08T17:30:38.064Z	1	en		0			0				2020-01-08T22:22:33.399Z	2.1.0	7			
tc01/en_usfm_mat_book	2022-09-08T17:30:38.064Z	99			0			0				2019-07-08T17:57:03.594Z	1.1.4	7			
tc01/en_ust_est_book	2022-09-08T17:30:38.064Z	99	en	v2.1.14	0	en	v2.1.14	0	en	v32	v2.1.14	2020-06-16T22:28:31.281Z	3.0.0	7			
tc01/en_ust_rut_book	2022-09-08T17:30:38.064Z	93	en		0			3	en			2019-03-25T14:00:28.724Z	2.2.0	7			
tc01/en_ust_tit_book	2022-09-08T17:30:38.064Z	6			0			0				2018-07-19T15:56:35.459Z		6			
tc01/en_ustt_est_book	2022-09-08T17:30:38.064Z	99	en	v2.1.14	0	en	v2.1.14	0	en	v32	v2.1.14	2020-06-16T22:28:31.281Z	3.0.0	7			
tc01/en_utt_tit_book	2022-09-08T17:30:38.064Z	98			0			0				2019-06-13T16:03:22.785Z	1.2.0	7			
tc01/en_utte_tit_book	2022-09-08T17:30:38.064Z	98			0			0				2019-06-13T19:33:11.572Z	1.2.0	7			
tc01/en_uttg_tit_book	2022-09-08T17:30:38.064Z	98			0			0				2019-06-13T19:33:11.572Z	1.2.0	7			
tc01/en_uuu_1ti_book	2022-09-08T17:30:38.064Z	15			1			0				2018-04-09T15:09:15.364Z		7			
tc01/en_uuu_act_book	2022-09-08T17:30:38.064Z	99			0			0				2018-06-08T20:16:01.266Z		7			
tc01/en_uuu_tit_book	2022-09-08T17:30:38.064Z	0			1			0				2018-04-09T15:05:31.673Z		7			
tc02/en_aaa_tit_book	2022-09-08T17:30:38.064Z	100	en		0			0				2019-11-14T17:36:48.818Z	2.1.0	7			
tc02/en_aaaa_tit_book	2022-09-08T17:30:38.064Z	100	en		0			0				2020-01-09T16:32:17.526Z	2.1.0	7			
tc02/en_abcd_tit_book	2022-09-08T17:30:38.064Z	100	en		0			0				2019-11-14T17:36:48.818Z	2.1.0	7			
tc02/en_dddd_tit_book	2022-09-08T17:30:38.064Z	100	en		0			0				2020-05-16T00:12:03.181Z	2.2.0	7			
tc02/en_eddt_tit_book	2022-09-08T17:30:38.064Z	61	en		0	en		0				2019-11-14T20:56:44.386Z	2.1.0	7			
tc02/en_edit_tit_book	2022-09-08T17:30:38.064Z	61	en		0			0				2019-11-14T20:53:30.665Z	2.1.0	7			
tc02/en_edtt_tit_book	2022-09-08T17:30:38.064Z	61	en		0	en		0				2019-11-14T20:56:44.386Z	2.1.0	7			
tc02/en_gggg_tit_book	2022-09-08T17:30:38.064Z	100	en		0			0				2020-01-13T19:14:06.269Z	2.1.0	7			
tc02/en_git_act_book	2022-09-08T17:30:38.064Z	99			0			0				2019-02-08T15:20:40.087Z		7			
tc02/en_hhhh_tit_book	2022-09-08T17:30:38.064Z	100	en		0			0				2019-11-14T19:38:55.657Z	2.1.0	7			
tc02/en_iiii_tit_book	2022-09-08T17:30:38.064Z	100	en		0			0				2019-11-14T17:36:48.818Z	2.1.0	7			
tc02/en_newa_act_book	2022-09-08T17:30:38.064Z	5			0			0				2018-06-12T20:09:34.540Z		5			
tc02/en_nnnn_act_book	2022-09-08T17:30:38.064Z	5			0			0				2018-06-12T20:09:34.540Z		6			
tc02/en_over_tit_book	2022-09-08T17:30:38.064Z	96	en		0			0				2019-11-19T16:15:37.729Z	2.1.0	7			
tc02/en_ovwr_tit_book	2022-09-08T17:30:38.064Z	100			0			0				2019-01-17T15:31:38.438Z		7			
tc02/en_prct_tit_book	2022-09-08T17:30:38.064Z	2			0			0				2018-03-15T21:51:47.555Z	1.2.0	7			
tc02/en_test_tit_book	2022-09-08T17:30:38.064Z	0			7			0				2018-10-24T13:03:50.544Z		7			
tc02/en_time_act_book	2022-09-08T17:30:38.064Z	99			0			0				2019-04-01T19:00:52.437Z		7			
tc02/en_time_mat_book	2022-09-08T17:30:38.064Z	99	en		0	en		0	en			2019-08-29T15:23:38.365Z	2.0.0	7			
tc02/en_tryi_tit_book	2022-09-08T17:30:38.064Z	100	en		0			0				2019-11-07T15:52:26.077Z	2.1.0	7			
tc02/en_ult_1pe_book	2022-09-08T17:30:38.064Z	97	en		0	en		0	en			2018-06-20T16:23:42.037Z	2.1.0	7			
tc02/en_ult_1ti_book	2022-09-08T17:30:38.064Z	100	en		0			0	en			2019-11-12T15:21:43.786Z	2.1.0	7			
tc02/en_ult_2jn_book	2022-09-08T17:30:38.064Z	100	en		0			0				2020-02-24T21:11:20.035Z	2.1.1	7			
tc02/en_ult_2ti_book	2022-09-08T17:30:38.064Z	99			0			0				2019-06-11T21:16:08.484Z	1.2.0	7			
tc02/en_ult_act_book	2022-09-08T17:30:38.064Z	99			0			0				2019-02-08T15:20:40.087Z		7			
tc02/en_ult_amo_book	2022-09-08T17:30:38.064Z	77	en		0			0				2020-01-08T21:47:45.711Z	2.1.0	7			
tc02/en_ult_mat_book	2022-09-08T17:30:38.064Z	99	en		0	en		0	en			2020-01-28T23:39:49.418Z	2.1.0	7			
tc02/en_ult_mrk_book	2022-09-08T17:30:38.064Z	3	en	v0.12	0	en	v0.12	0	en	v28	v0.12	2018-09-27T13:33:29.144Z	2.1.2	7			
tc02/en_ult_rut_book	2022-09-08T17:30:38.064Z	25	en	v2.1.15	0			0	en	v33	v2.1.15	2020-10-13T03:49:53.988Z	3.0.1	7			
tc02/en_ult_tit_book	2022-09-08T17:30:38.064Z	43			0			0				2018-06-13T17:24:52.458Z		6			
tc02/en_ultd_rev_book	2022-09-08T17:30:38.064Z	100			0			0				2019-07-10T15:01:29.352Z	1.2.0	7			
tc02/en_ultt_act_book	2022-09-08T17:30:38.064Z	100			0			0				2019-02-08T15:20:40.087Z		7			
tc02/en_ultu_rev_book	2022-09-08T17:30:38.064Z	100	en		0	en		0	en			2019-06-13T15:54:18.611Z	2.1.0	7			
tc02/en_usfm_amo_book	2022-09-08T17:30:38.064Z	1	en		0			0				2020-01-08T22:22:33.399Z	2.1.0	7			
tc02/en_uult_act_book	2022-09-08T17:30:38.064Z	99			0			0				2019-03-22T02:53:31.288Z		7			
tc02/en_xyz_tit_book	2022-09-08T17:30:38.064Z	100	en		0			0				2019-11-14T20:27:44.837Z	2.1.0	7			
tc02/en_zyx_tit_book	2022-09-08T17:30:38.064Z	100	en		0			0				2019-11-14T20:27:44.837Z	2.1.0	7			
tc03/en_ngit_3jn_book	2022-09-08T17:30:38.064Z	94	en	v0.13	2	en	v0.13	6	en	v32	v0.13	2020-08-04T21:10:27.746Z	3.0.0	7			
tc03/en_ult_heb_book	2022-09-08T17:30:38.064Z	100	en		0			0	en	v32	v0.13	2020-07-28T19:10:16.859Z	3.0.0	7			
tc1.0.2/en_ult_act_book	2022-09-08T17:30:38.064Z	99			0			0				2019-05-23T15:27:55.020Z		7			
tc1.0.2/en_ult_mrk_book	2022-09-08T17:30:38.064Z	3			0			0				2018-09-27T13:33:29.144Z		7			
tc1.1.2/en_ult_act_book	2022-09-08T17:30:38.064Z	99			0			0				2019-05-23T15:57:45.853Z		7			
tc1.1.2/en_ult_mrk_book	2022-09-08T17:30:38.064Z	3			0			0				2018-09-27T13:33:29.144Z		7			
tc1.1.3/en_ult_act_book	2022-09-08T17:30:38.064Z	99			0			0				2019-05-23T16:17:13.901Z		7			
tc1.1.3/en_ult_mrk_book	2022-09-08T17:30:38.064Z	3			0			0				2018-09-27T13:33:29.144Z		7			
tc1.1.4/en_new_rut_book	2022-09-08T17:30:38.064Z	100			0			0				2019-06-20T20:46:35.682Z	1.1.4	7			
tc1.1.4/en_ulb_tit_book	2022-09-08T17:30:38.064Z	0			1			0				2019-05-20T21:36:34.386Z	1.1.4	7			
TC_SAVE/en_edit_phm_book	2022-09-08T17:30:38.064Z	81	en	v0.12	7	en		20	en			2019-07-18T17:27:45.693Z	3.0.0	7			
TC_SAVE/en_new1_phm_book	2022-09-08T17:30:38.064Z	92			2			20				2019-06-24T15:51:11.597Z	1.2.0	7			
TC_SAVE/en_new_phm_book	2022-09-08T17:30:38.064Z	81	en		7	en		20	en			2019-07-18T17:27:45.693Z	2.2.0	7			
TC_SAVE/en_nwsv_phm_book	2022-09-08T17:30:38.064Z	81	en		8	en		32	en			2019-07-18T17:27:45.693Z	2.2.0	7	unmatched tn checks found, 		
TC_SAVE/en_olde_phm_book	2022-09-08T17:30:38.064Z	81	en		8	en		32	en			2019-07-18T17:27:45.693Z	2.2.0	7	unmatched tn checks found, 		
TC_SAVE/en_save_phm_book	2022-09-08T17:30:38.064Z	81			5			20				2019-07-18T17:27:45.693Z	2.0.0	7			
TC_SAVE/en_test_phm_book	2022-09-08T17:30:38.064Z	85			5			20				2019-07-18T17:27:45.693Z	2.0.0	7			
TC_SAVE/en_ult_1jn_book	2022-09-08T17:30:38.064Z	100	en		0	en		0				2019-12-04T17:45:36.229Z	2.1.0	7			
TC_SAVE/en_ult_3jn_book	2022-09-08T17:30:38.064Z	100			100			0				2019-08-01T15:14:39.307Z	2.0.0	7			
TC_SAVE/en_ult_luk_book	2022-09-08T17:30:38.064Z	100	en		99	en		0	en			2019-06-13T15:16:21.716Z	2.0.0	7			
TC_SAVE/en_ultt_3jn_book	2022-09-08T17:30:38.064Z	100	en		100			0				2019-08-01T15:14:39.307Z	2.2.0	7			
TC_SAVE/en_ust_rut_book	2022-09-08T17:30:38.064Z	93	en		0	en		3	en			2019-03-25T14:00:28.724Z	2.2.0	7			
TC_SAVE/en_ustt_rut_book	2022-09-08T17:30:38.064Z	93	en		0	en		4	en			2019-03-25T14:00:28.724Z	2.2.0	7			
TC_SAVE/en_watw_mat_book	2022-09-08T17:30:38.064Z	99	en		99	en		0	en			2019-10-14T19:55:21.897Z	2.0.0	7			
tcnt/en_test_rom_book	2022-09-08T17:30:38.064Z	75			0			0				2018-10-24T22:37:30.122Z		7			
tcnt/en_ult_1pe_book	2022-09-08T17:30:38.064Z	99			0			0				2018-06-20T16:23:42.037Z		6			
tcnt/en_ult_mat_book	2022-09-08T17:30:38.064Z	41			0			0				2019-02-11T20:18:24.188Z		7			
tcnt/en_ult_tit_book	2022-09-08T17:30:38.064Z	6			0			0				2018-08-14T18:39:07.849Z		6			
tcnt/en_zzz_tit_book	2022-09-08T17:30:38.064Z	6			0			0				2018-08-14T13:42:21.548Z		6			
tCore-test-data/en_abcd_act_book	2022-09-08T17:30:38.064Z	99			0			0				2018-08-21T20:12:11.646Z		6			
tCore-test-data/en_ult_1pe_book	2022-09-08T17:30:38.064Z	99			0			0				2018-06-20T16:23:42.037Z		6			
tCore-test-data/en_ult_luk_book	2022-09-08T17:30:38.064Z	100	en		99	en		0	en			2019-06-13T15:16:21.716Z	2.0.0	7			
tCore-test-data/en_ult_mat_book	2022-09-08T17:30:38.064Z	99			0			0				2018-06-22T14:21:00.287Z		7			
tCore-test-data/en_ult_mat_book_old	2022-09-08T17:30:38.064Z	48			0			0				2018-06-22T14:21:00.287Z		6			
tCore-test-data/en_ust_rut_book	2022-09-08T17:30:38.064Z	100	en		1	en		13	en			2019-03-25T14:00:28.724Z	2.1.0	7			
tCore-test-data/en_watw_mat_book	2022-09-08T17:30:38.064Z	99	en		99	en		0	en			2019-10-14T19:55:21.897Z	2.0.0	7			
tcsave/en_ult_luk_book	2022-09-08T17:30:38.064Z	100	en		100	en		0	en			2019-06-13T15:16:21.716Z	2.0.0	7			
test_user/en_test_tit_book	2022-09-08T17:30:38.064Z	100	en		0			0				2019-10-30T14:52:36.251Z	2.0.0	7			
tracypreslar/en_ult_deu_book		100	en	v2.1.28	8	en	v2.1.25	0				2022-04-22T14:40:35.541Z	3.2.0	7			
tracypreslar/en_ult_isa_book		100	en	v2.1.29	0	en		0				2022-06-22T20:35:08.591Z	3.3.0	7			
tracypreslar/en_ult_pro_book		100	en	v2.1.25	0	en		0				2022-06-07T19:30:14.205Z	3.2.0	7			
tracypreslar/en_ult_rut_book		100	en	v2.1.23	0			0				2022-02-02T20:29:07.648Z	3.1.0	7			
tracypreslar/en_ust_deu_book		27	en	v2.1.25	0	en	v2.1.25	0				2022-05-23T19:57:30.193Z	3.2.0	7			
tspan/en_ult_dan_book		100	en	v2.1.15	0	hi	v2.1.15	0				2021-02-06T22:17:16.697Z	3.0.1	7			
tspan/en_ult_hab_book	2022-09-08T17:30:38.064Z	100	en		0			0				2019-08-12T16:17:24.693Z	2.0.0	7			
tspan/en_ult_hag_book	2022-09-08T17:30:38.064Z	100	en		0			0				2019-10-17T15:25:16.028Z	2.0.0	7			
tspan/en_ult_hos_book	2022-09-08T17:30:38.064Z	100	en		0			0				2019-10-17T15:15:27.808Z	2.0.0	7			
tspan/en_ult_jol_book	2022-09-08T17:30:38.064Z	100			0			0				2019-07-29T21:25:12.580Z	1.1.4	7			
tspan/en_ult_mal_book	2022-09-08T17:30:38.064Z	100	en		0			0				2019-05-20T20:19:28.603Z	2.0.0	7			
tspan/en_ult_nam_book	2022-09-08T17:30:38.064Z	100			0			0				2019-08-12T16:16:17.387Z	1.1.4	7			
tspan/en_ult_oba_book	2022-09-08T17:30:38.064Z	100			0			0				2019-08-12T16:15:04.349Z	1.1.4	7			
tspan/en_ult_sng_book	2022-09-08T17:30:38.064Z	100	en	v2.1.15	0	hi	v2.1.15	0				2020-09-11T19:08:05.163Z	3.0.1	7			
tspan/en_ult_zep_book	2022-09-08T17:30:38.064Z	100	en		0			0				2019-08-12T16:18:32.650Z	2.0.0	7			
unfoldingWord/en_ult_jdg_book	2022-09-08T17:30:38.064Z	100	en		0			0				2019-09-24T20:18:28.289Z	2.0.0	7			
Vessoul1973/en_usfm_1th_book		100	en	v0.22	47	en	v0.22	17	en	v54	v0.22	2021-12-29T20:43:54.503Z	3.0.2	7			
Vessoul1973/en_ust_1th_book		100	en	v0.23	0			0				2022-02-16T18:36:33.352Z	3.1.0	7			
Vessoul1973/en_ust_rom_book		100	en	v0.23	0			0				2022-02-11T17:30:05.146Z	3.1.0	7			
vinhvd749/en_elt_1co_book	2022-09-08T17:30:38.064Z	99	en	v0.22	0			0				2021-09-14T10:42:03.099Z	3.0.1	7			
vinhvd749/en_elt_1jn_book	2022-09-08T17:30:38.064Z	100	en		0			0				2021-09-14T11:04:18.876Z	3.0.1	7			
vinhvd749/en_elt_1pe_book	2022-09-08T17:30:38.064Z	100	en	v0.22	0			0				2021-09-14T11:02:35.707Z	3.0.1	7			
vinhvd749/en_elt_1th_book	2022-09-08T17:30:38.064Z	100	en		0			0				2021-09-14T10:49:09.975Z	3.0.1	7			
vinhvd749/en_elt_1ti_book	2022-09-08T17:30:38.064Z	100	en		0			0				2021-09-14T10:50:40.554Z	3.0.1	7			
vinhvd749/en_elt_2co_book	2022-09-08T17:30:38.064Z	100	en		0			0				2021-09-14T10:43:04.260Z	3.0.1	7			
vinhvd749/en_elt_2jn_book	2022-09-08T17:30:38.064Z	100	en		0			0				2021-09-14T11:05:06.214Z	3.0.1	7			
vinhvd749/en_elt_2pe_book	2022-09-08T17:30:38.064Z	100	en		0			0				2021-09-14T11:03:44.671Z	3.0.1	7			
vinhvd749/en_elt_2th_book	2022-09-08T17:30:38.064Z	100	en		0			0				2021-09-14T10:49:51.163Z	3.0.1	7			
vinhvd749/en_elt_2ti_book	2022-09-08T17:30:38.064Z	100	en		0			0				2021-09-14T10:51:38.444Z	3.0.1	7			
vinhvd749/en_elt_3jn_book	2022-09-08T17:30:38.064Z	100	en		0			0				2021-09-14T11:05:43.628Z	3.0.1	7			
vinhvd749/en_elt_act_book	2022-09-08T17:30:38.064Z	100	en		0			0				2021-09-14T10:21:20.958Z	3.0.1	7			
vinhvd749/en_elt_col_book	2022-09-08T17:30:38.064Z	100	en		0			0				2021-09-14T10:48:21.942Z	3.0.1	7			
vinhvd749/en_elt_eph_book	2022-09-08T17:30:38.064Z	100	en		0			0				2021-09-14T10:46:34.218Z	3.0.1	7			
vinhvd749/en_elt_gal_book	2022-09-08T17:30:38.064Z	100	en		0			0				2021-09-14T10:44:02.508Z	3.0.1	7			
vinhvd749/en_elt_heb_book	2022-09-08T17:30:38.064Z	100	en		0			0				2021-09-14T11:00:49.013Z	3.0.1	7			
vinhvd749/en_elt_jas_book	2022-09-08T17:30:38.064Z	100	en		0			0				2021-09-14T11:01:59.593Z	3.0.1	7			
vinhvd749/en_elt_jhn_book	2022-09-08T17:30:38.064Z	99	en		0			0				2021-09-14T10:18:51.367Z	3.0.1	7			
vinhvd749/en_elt_jud_book	2022-09-08T17:30:38.064Z	100	en		0			0				2021-09-14T11:06:13.183Z	3.0.1	7			
vinhvd749/en_elt_luk_book	2022-09-08T17:30:38.064Z	99	en		0			0				2021-09-14T10:13:36.123Z	3.0.1	7			
vinhvd749/en_elt_mat_book	2022-09-08T17:30:38.064Z	99	en		0			0				2021-09-14T10:11:09.107Z	3.0.1	7			
vinhvd749/en_elt_mrk_book	2022-09-08T17:30:38.064Z	99	en		0			0				2021-09-14T10:12:38.148Z	3.0.1	7			
vinhvd749/en_elt_phm_book	2022-09-08T17:30:38.064Z	100	en		0			0				2021-09-14T10:58:46.246Z	3.0.1	7			
vinhvd749/en_elt_php_book	2022-09-08T17:30:38.064Z	100	en		0			0				2021-09-14T10:47:34.333Z	3.0.1	7			
vinhvd749/en_elt_rev_book	2022-09-08T17:30:38.064Z	99	en		0			0				2021-09-14T11:06:43.111Z	3.0.1	7			
vinhvd749/en_elt_rom_book	2022-09-08T17:30:38.064Z	99	en	v0.22	0			0				2021-09-14T10:08:21.439Z	3.0.1	7			
vinhvd749/en_elt_tit_book	2022-09-08T17:30:38.064Z	100	en		0			0				2021-09-14T10:52:20.313Z	3.0.1	7			
vinhvd749/en_eolt_1ki_book	2022-09-08T17:30:38.064Z	8	en		0			0				2020-12-11T04:02:48.080Z	3.0.1	7			
vinhvd749/en_eolt_est_book	2022-09-08T17:30:38.064Z	100	en		0			0	en	v36	v2.1.15	2020-12-11T04:06:36.926Z	3.0.1	7			
vinhvd749/en_eolt_exo_book	2022-09-08T17:30:38.064Z	92	en		0			0				2020-12-11T03:56:42.574Z	3.0.1	7			
vinhvd749/en_eolt_ezr_book	2022-09-08T17:30:38.064Z	100	en		0			0	en	v36	v2.1.15	2020-12-11T04:05:10.442Z	3.0.1	7			
vinhvd749/en_eolt_jdg_book	2022-09-08T17:30:38.064Z	97	en		0			0				2020-12-11T04:00:08.788Z	3.0.1	7			
vinhvd749/en_eolt_jol_book	2022-09-08T17:30:38.064Z	99	en		0			0	en	v36	v2.1.15	2020-12-11T04:15:48.060Z	3.0.1	7			
vinhvd749/en_eolt_jon_book	2022-09-08T17:30:38.064Z	100	en		0			0	en	v36	v2.1.15	2020-12-11T04:17:28.489Z	3.0.1	7			
vinhvd749/en_eolt_jos_book	2022-09-08T17:30:38.064Z	97	en		0			0	en	v36	v2.1.15	2020-12-11T03:59:28.205Z	3.0.1	7			
vinhvd749/en_eolt_nam_book	2022-09-08T17:30:38.064Z	96	en		0			0				2020-12-11T04:18:22.180Z	3.0.1	7			
vinhvd749/en_eolt_neh_book	2022-09-08T17:30:38.064Z	100	en		0			0	en	v36	v2.1.15	2020-12-11T04:05:48.472Z	3.0.1	7			
vinhvd749/en_eolt_oba_book	2022-09-08T17:30:38.064Z	100	en		0			0	en	v36	v2.1.15	2020-12-11T04:16:56.745Z	3.0.1	7			
vinhvd749/en_eolt_rut_book	2022-09-08T17:30:38.064Z	100	en		0			0	en	v36	v2.1.15	2020-12-11T04:00:43.482Z	3.0.1	7			
